commit_hash,plan_id,roles,evidence_type,confidence,allocation_weight,included_in_direct_totals,included_in_rollup_totals
6cf4772cd3482a0a7ca38f2f613ca64a86da22a1,1,creation,plan-file-history,1.0,1.0,True,False
1fcd08274065e59e148cb05d16e592e98f02bced,1,plan-revision,plan-file-history,1.0,1.0,True,False
4f1e2732dc317203bf9fd6f998fe4946be3a760c,1,plan-revision,plan-file-history,1.0,1.0,True,False
a76f2110c364943a6a2b000cd575807b8f75a6e6,2,creation,plan-file-history,1.0,1.0,True,False
6c669809df69c8e7566517df27f84cd4ac85cb37,2,plan-revision,plan-file-history,1.0,1.0,True,False
bae266f0f97e4d7e264cc54628bfaf3cc70a78f7,3,creation,plan-file-history,1.0,1.0,True,False
27b32d888ac16fcaa31f6735b29d960131a8315c,4,creation,plan-file-history,1.0,1.0,True,False
004751dd893b3e1b96ba2e42f9a63fc000d75663,5,creation,plan-file-history,1.0,1.0,True,False
645232c9f5fdbcd436cd208763553a0f163d3f77,5,version-addition;plan-revision,plan-file-history,1.0,1.0,True,False
645232c9f5fdbcd436cd208763553a0f163d3f77,5,plan-revision,plan-file-history,1.0,1.0,True,False
80b722ee0e77887149ebfd307538cac12a5907c3,5,plan-revision,plan-file-history,1.0,1.0,True,False
80b722ee0e77887149ebfd307538cac12a5907c3,6,creation,plan-file-history,1.0,1.0,True,False
e0cd7da70c303f9524054cf6e150d7fbfca3d9d1,7,creation,plan-file-history,1.0,1.0,True,False
c56695645a5579bac37f1f716650754ccc5750a1,8,creation,plan-file-history,1.0,1.0,True,False
2d3e003b9689d477939ba8543f037de2cf8068c5,8,plan-revision,plan-file-history,1.0,1.0,True,False
ac28a73112d2a5170ee56f4f05fe6081f4376eb6,9,creation,plan-file-history,1.0,1.0,True,False
83083cbcdf9667c18e3a5c3c11c66d2cfa24f4a6,9,plan-revision,plan-file-history,1.0,1.0,True,False
68f7c7b1c66c1a7acd0564610efe03ceff89180b,10,creation,plan-file-history,1.0,1.0,True,False
9e1ce62bf296678be8aa16075285d1f9e0cb453c,11,creation,plan-file-history,1.0,1.0,True,False
9e1ce62bf296678be8aa16075285d1f9e0cb453c,11,version-addition;plan-revision,plan-file-history,1.0,1.0,True,False
68e340f508e0f0f5b0ac2fbbcae259abf6155b6e,11,version-addition;plan-revision,plan-file-history,1.0,1.0,True,False
b4593bad7a73d4737a89fa81f52b0a0c853f2bce,11,version-addition;plan-revision,plan-file-history,1.0,1.0,True,False
bba775b507acd848d8bea0c67609752e0d812194,12,creation,plan-file-history,1.0,1.0,True,False
da7b04f7563351b6c4c0883dbcbc16a5e081336a,13,creation,plan-file-history,1.0,1.0,True,False
90ef077070ed157959eed236c4a5edfc023423b8,14,creation,plan-file-history,1.0,1.0,True,False
1276536d7ce542d757187ed8e2a7a229c6741847,15,creation,plan-file-history,1.0,1.0,True,False
1c2bb82cfcda4a8e4043b7e883e42928b18064cf,16,creation,plan-file-history,1.0,1.0,True,False
d0fca7dec639c9bd9845c8efb59147ccd1016e26,17,creation,plan-file-history,1.0,1.0,True,False
41e60a87d8b66f2a9ba012f5c5d11b525ab7c759,18,creation,plan-file-history,1.0,1.0,True,False
27b4d85ec22c4165acb415ef3929bd10d4c35202,19,creation,plan-file-history,1.0,1.0,True,False
603c07621916ecd47e1a9faee08d8c32cd6eebdf,19,version-addition;plan-revision,plan-file-history,1.0,1.0,True,False
4e470f0885282d2dfa9bcfc38252ea229589132c,19,version-addition;plan-revision,plan-file-history,1.0,1.0,True,False
27b4d85ec22c4165acb415ef3929bd10d4c35202,20,creation,plan-file-history,1.0,1.0,True,False
603c07621916ecd47e1a9faee08d8c32cd6eebdf,20,version-addition;plan-revision,plan-file-history,1.0,1.0,True,False
4e470f0885282d2dfa9bcfc38252ea229589132c,20,version-addition;plan-revision,plan-file-history,1.0,1.0,True,False
27b4d85ec22c4165acb415ef3929bd10d4c35202,22,creation,plan-file-history,1.0,1.0,True,False
603c07621916ecd47e1a9faee08d8c32cd6eebdf,22,version-addition;plan-revision,plan-file-history,1.0,1.0,True,False
4e470f0885282d2dfa9bcfc38252ea229589132c,22,version-addition;plan-revision,plan-file-history,1.0,1.0,True,False
561817a4bca220d705273d6744f1e5756cec418f,21,creation,plan-file-history,1.0,1.0,True,False
f195e03db1cd290792f99f8b880bb69995e28921,23,creation,plan-file-history,1.0,1.0,True,False
b70f6625e06280784004190bcabafe04c96086d3,24,creation,plan-file-history,1.0,1.0,True,False
36c5b18642e6568ca15e897dcae9132a6907e9db,25,creation,plan-file-history,1.0,1.0,True,False
192eaacabaecbe09ee3ee59d935f0d3ab2d86a02,26,creation,plan-file-history,1.0,1.0,True,False
0c2d38575541a8dada750da08698d78e75a4d3f0,26,plan-revision,plan-file-history,1.0,1.0,True,False
d65459355d32c58116293e4f6cce8a759b6d67f5,26,plan-revision,plan-file-history,1.0,1.0,True,False
546e43d639eb9d7eceb46aa966b8a592b187b12c,26,plan-revision,plan-file-history,1.0,1.0,True,False
11ba78598b25840b5e415e7410b8df4b75c964c5,26,plan-revision,plan-file-history,1.0,1.0,True,False
6811df91487bd977d74d60b43af798e9970e5d69,26,plan-revision,plan-file-history,1.0,1.0,True,False
8053109fcb999ee4c2f8a060048b83dbfe4eed81,26,plan-revision,plan-file-history,1.0,1.0,True,False
987ade16137d70327f87ab16fcf3fc874681eba4,27,creation,plan-file-history,1.0,1.0,True,False
452263137775f01b3d4877c28d37aad4dce7884d,28,creation,plan-file-history,1.0,1.0,True,False
8053109fcb999ee4c2f8a060048b83dbfe4eed81,28,plan-revision,plan-file-history,1.0,1.0,True,False
a3d4895796afa545efc1d3c39379220da2c616f3,28,plan-revision,plan-file-history,1.0,1.0,True,False
7a19911399e2e3a8b7ff2d239319a658e793346c,28,plan-revision,plan-file-history,1.0,1.0,True,False
477665910577c41766377204a1abfc8cc7f0dd6d,28,plan-revision,plan-file-history,1.0,1.0,True,False
82c43c94fe7392a5e5551ef1a311c150006ab0f3,29,creation,plan-file-history,1.0,1.0,True,False
d2843d58d7c77e0470d1b467eacf8a956665e2c9,30,creation,plan-file-history,1.0,1.0,True,False
7228297fdfbf05a87af30e5330fdcdd1e908dd84,31,creation,plan-file-history,1.0,1.0,True,False
88d09498e62eed6f088450eb0cf1ec3129a7ad34,32,creation,plan-file-history,1.0,1.0,True,False
29444d740b06ee147a5690f1070d56abfa8be162,33,creation,plan-file-history,1.0,1.0,True,False
80b722ee0e77887149ebfd307538cac12a5907c3,1,transcript-archive,transcript-archive-provenance,1.0,0.0,False,False
80b722ee0e77887149ebfd307538cac12a5907c3,2,transcript-archive,transcript-archive-provenance,1.0,0.0,False,False
80b722ee0e77887149ebfd307538cac12a5907c3,4,transcript-archive,transcript-archive-provenance,1.0,0.0,False,False
80b722ee0e77887149ebfd307538cac12a5907c3,5,transcript-archive,transcript-archive-provenance,1.0,0.0,False,False
80b722ee0e77887149ebfd307538cac12a5907c3,6,transcript-archive,transcript-archive-provenance,1.0,0.0,False,False
e0cd7da70c303f9524054cf6e150d7fbfca3d9d1,7,transcript-archive,transcript-archive-provenance,1.0,0.0,False,False
c56695645a5579bac37f1f716650754ccc5750a1,8,transcript-archive,transcript-archive-provenance,1.0,0.0,False,False
94246bbd4bebc8a284577f2d68b82ff5db235599,8,transcript-archive,transcript-archive-provenance,1.0,0.0,False,False
ac28a73112d2a5170ee56f4f05fe6081f4376eb6,9,transcript-archive,transcript-archive-provenance,1.0,0.0,False,False
ac28a73112d2a5170ee56f4f05fe6081f4376eb6,9,transcript-archive,transcript-archive-provenance,1.0,0.0,False,False
0d268f9dbda719319837ad31711eb87f9f166499,9,transcript-archive,transcript-archive-provenance,1.0,0.0,False,False
b1c99ff0e11dc7d38d78a51a328115010a433f80,10,transcript-archive,transcript-archive-provenance,1.0,0.0,False,False
9e1ce62bf296678be8aa16075285d1f9e0cb453c,11,transcript-archive,transcript-archive-provenance,1.0,0.0,False,False
9e1ce62bf296678be8aa16075285d1f9e0cb453c,11,transcript-archive,transcript-archive-provenance,1.0,0.0,False,False
68e340f508e0f0f5b0ac2fbbcae259abf6155b6e,11,transcript-archive,transcript-archive-provenance,1.0,0.0,False,False
b4593bad7a73d4737a89fa81f52b0a0c853f2bce,11,transcript-archive,transcript-archive-provenance,1.0,0.0,False,False
f36a117c021f535e956e2d1722625465cd66b2f3,11,transcript-archive,transcript-archive-provenance,1.0,0.0,False,False
2c3898c5b9fee3c3eefa3367c3219b2f4dbd2974,11,transcript-archive,transcript-archive-provenance,1.0,0.0,False,False
ce82bfb0ed6ae71f4fa52b159af692e3b74fe2c7,11,transcript-archive,transcript-archive-provenance,1.0,0.0,False,False
2aee7213d2467ac765cf2f834b3e8b0a5409064e,11,transcript-archive,transcript-archive-provenance,1.0,0.0,False,False
a0438824397c29c96ca6c63b48ef501b5d63dffe,11,transcript-archive,transcript-archive-provenance,1.0,0.0,False,False
bba775b507acd848d8bea0c67609752e0d812194,12,transcript-archive,transcript-archive-provenance,1.0,0.0,False,False
da7b04f7563351b6c4c0883dbcbc16a5e081336a,13,transcript-archive,transcript-archive-provenance,1.0,0.0,False,False
90ef077070ed157959eed236c4a5edfc023423b8,14,transcript-archive,transcript-archive-provenance,1.0,0.0,False,False
bf6d257c8a9a96ec6846d3cac38bd49afd54f83a,15,transcript-archive,transcript-archive-provenance,1.0,0.0,False,False
1c2bb82cfcda4a8e4043b7e883e42928b18064cf,16,transcript-archive,transcript-archive-provenance,1.0,0.0,False,False
633671ae999d222fba32fde71594440b8b367350,16,transcript-archive,transcript-archive-provenance,1.0,0.0,False,False
d0fca7dec639c9bd9845c8efb59147ccd1016e26,16,transcript-archive,transcript-archive-provenance,1.0,0.0,False,False
d0fca7dec639c9bd9845c8efb59147ccd1016e26,17,transcript-archive,transcript-archive-provenance,1.0,0.0,False,False
bc1eaf01993b5f6ef2cc64eef0f6dd4fe66824de,16,transcript-archive,transcript-archive-provenance,1.0,0.0,False,False
575c54bdaeb6d9eda3326eedccc6e2395422094e,16,transcript-archive,transcript-archive-provenance,1.0,0.0,False,False
41e60a87d8b66f2a9ba012f5c5d11b525ab7c759,18,transcript-archive,transcript-archive-provenance,1.0,0.0,False,False
27b4d85ec22c4165acb415ef3929bd10d4c35202,19,transcript-archive,transcript-archive-provenance,1.0,0.0,False,False
27b4d85ec22c4165acb415ef3929bd10d4c35202,20,transcript-archive,transcript-archive-provenance,1.0,0.0,False,False
27b4d85ec22c4165acb415ef3929bd10d4c35202,22,transcript-archive,transcript-archive-provenance,1.0,0.0,False,False
603c07621916ecd47e1a9faee08d8c32cd6eebdf,19,transcript-archive,transcript-archive-provenance,1.0,0.0,False,False
603c07621916ecd47e1a9faee08d8c32cd6eebdf,20,transcript-archive,transcript-archive-provenance,1.0,0.0,False,False
603c07621916ecd47e1a9faee08d8c32cd6eebdf,22,transcript-archive,transcript-archive-provenance,1.0,0.0,False,False
561817a4bca220d705273d6744f1e5756cec418f,21,transcript-archive,transcript-archive-provenance,1.0,0.0,False,False
4e470f0885282d2dfa9bcfc38252ea229589132c,19,transcript-archive,transcript-archive-provenance,1.0,0.0,False,False
4e470f0885282d2dfa9bcfc38252ea229589132c,20,transcript-archive,transcript-archive-provenance,1.0,0.0,False,False
4e470f0885282d2dfa9bcfc38252ea229589132c,22,transcript-archive,transcript-archive-provenance,1.0,0.0,False,False
f195e03db1cd290792f99f8b880bb69995e28921,23,transcript-archive,transcript-archive-provenance,1.0,0.0,False,False
b70f6625e06280784004190bcabafe04c96086d3,24,transcript-archive,transcript-archive-provenance,1.0,0.0,False,False
4a07659704ab091a117b882a027635c12af8294c,25,transcript-archive,transcript-archive-provenance,1.0,0.0,False,False
777706cf1432bcd9bbd0ff1d145469d038b76fd3,26,transcript-archive,transcript-archive-provenance,1.0,0.0,False,False
bee209c217c6b5fa2c4eaddbddcab99101ee589a,26,transcript-archive,transcript-archive-provenance,1.0,0.0,False,False
0c2d38575541a8dada750da08698d78e75a4d3f0,26,transcript-archive,transcript-archive-provenance,1.0,0.0,False,False
0c2d38575541a8dada750da08698d78e75a4d3f0,26,transcript-archive,transcript-archive-provenance,1.0,0.0,False,False
2298c43c00492de67ad920a395d3ec7a8c8fb722,26,transcript-archive,transcript-archive-provenance,1.0,0.0,False,False
d65459355d32c58116293e4f6cce8a759b6d67f5,26,transcript-archive,transcript-archive-provenance,1.0,0.0,False,False
546e43d639eb9d7eceb46aa966b8a592b187b12c,26,transcript-archive,transcript-archive-provenance,1.0,0.0,False,False
95957dd6350042cf04715f42d75a708d22bd4af1,26,transcript-archive,transcript-archive-provenance,1.0,0.0,False,False
11ba78598b25840b5e415e7410b8df4b75c964c5,26,transcript-archive,transcript-archive-provenance,1.0,0.0,False,False
6811df91487bd977d74d60b43af798e9970e5d69,26,transcript-archive,transcript-archive-provenance,1.0,0.0,False,False
9b05c92e3f87af186de2ebdf43ebe8f297b41572,26,transcript-archive,transcript-archive-provenance,1.0,0.0,False,False
24428a1548324e06268c9174e358e22e9559801b,26,transcript-archive,transcript-archive-provenance,1.0,0.0,False,False
987ade16137d70327f87ab16fcf3fc874681eba4,26,transcript-archive,transcript-archive-provenance,1.0,0.0,False,False
987ade16137d70327f87ab16fcf3fc874681eba4,27,transcript-archive,transcript-archive-provenance,1.0,0.0,False,False
83b8764ca1faecb6f984a4cf8703eaad75501f8a,26,transcript-archive,transcript-archive-provenance,1.0,0.0,False,False
1b08404c005806083a5443603d98c10c5510ee70,26,transcript-archive,transcript-archive-provenance,1.0,0.0,False,False
063c138d4ad746588a85c0be70cc1c5c75854e87,26,transcript-archive,transcript-archive-provenance,1.0,0.0,False,False
7c15f6097d77ab2db98c6795b04474308f770536,26,transcript-archive,transcript-archive-provenance,1.0,0.0,False,False
d928e3bb438c8fa266b8700f3d4b2709c72bd7ee,26,transcript-archive,transcript-archive-provenance,1.0,0.0,False,False
3fd6771aa6fbbc5afe81722f5d39ce0c171019cd,26,transcript-archive,transcript-archive-provenance,1.0,0.0,False,False
43b64835145b64f3346d6298de67754019b36df8,26,transcript-archive,transcript-archive-provenance,1.0,0.0,False,False
77e0dc1182db2bdd7d3a4d09b5c1a7b3b912191b,26,transcript-archive,transcript-archive-provenance,1.0,0.0,False,False
2976159836a41160b0a462b26c952968c19a7923,26,transcript-archive,transcript-archive-provenance,1.0,0.0,False,False
452263137775f01b3d4877c28d37aad4dce7884d,28,transcript-archive,transcript-archive-provenance,1.0,0.0,False,False
11e4877420c3dc760f9be803b2734ea34a2031e0,28,transcript-archive,transcript-archive-provenance,1.0,0.0,False,False
82c43c94fe7392a5e5551ef1a311c150006ab0f3,29,transcript-archive,transcript-archive-provenance,1.0,0.0,False,False
893289b52cf06c6f3c02548f549ebc68e4281380,28,transcript-archive,transcript-archive-provenance,1.0,0.0,False,False
8053109fcb999ee4c2f8a060048b83dbfe4eed81,26,transcript-archive,transcript-archive-provenance,1.0,0.0,False,False
e534c8366925af29f7c8f9ab67a908c5d6941650,28,transcript-archive,transcript-archive-provenance,1.0,0.0,False,False
d2843d58d7c77e0470d1b467eacf8a956665e2c9,30,transcript-archive,transcript-archive-provenance,1.0,0.0,False,False
7228297fdfbf05a87af30e5330fdcdd1e908dd84,31,transcript-archive,transcript-archive-provenance,1.0,0.0,False,False
88d09498e62eed6f088450eb0cf1ec3129a7ad34,32,transcript-archive,transcript-archive-provenance,1.0,0.0,False,False
29444d740b06ee147a5690f1070d56abfa8be162,33,transcript-archive,transcript-archive-provenance,1.0,0.0,False,False
063c138d4ad746588a85c0be70cc1c5c75854e87,26,implementation,reviewed-config,1.0,1.0,False,True
0c2d38575541a8dada750da08698d78e75a4d3f0,26,implementation;plan-revision;transcript-archive,reviewed-config,1.0,1.0,True,True
0d268f9dbda719319837ad31711eb87f9f166499,9,implementation,reviewed-config,1.0,1.0,False,True
11ba78598b25840b5e415e7410b8df4b75c964c5,26,implementation;plan-revision,reviewed-config,1.0,1.0,True,True
11e4877420c3dc760f9be803b2734ea34a2031e0,28,implementation,reviewed-config,1.0,1.0,False,True
1276536d7ce542d757187ed8e2a7a229c6741847,15,direct;implementation,reviewed-config,1.0,1.0,False,True
14a623cc7cae72b22210b2f44a8b8a9d3f09e85f,28,implementation,reviewed-config,1.0,1.0,False,True
17b6c1045af4a5e5e2c465dded80f53ff5695df5,26,implementation,reviewed-config,1.0,1.0,False,True
192eaacabaecbe09ee3ee59d935f0d3ab2d86a02,26,direct,reviewed-config,1.0,1.0,False,False
1b08404c005806083a5443603d98c10c5510ee70,26,implementation,reviewed-config,1.0,1.0,False,True
1c2bb82cfcda4a8e4043b7e883e42928b18064cf,16,direct;implementation,reviewed-config,1.0,1.0,False,True
1e4ea8e60ed212c41a1f3f43a972ccad5855a07a,11,implementation,reviewed-config,1.0,1.0,False,True
1fcd08274065e59e148cb05d16e592e98f02bced,1,direct;implementation,reviewed-config,1.0,1.0,False,True
2298c43c00492de67ad920a395d3ec7a8c8fb722,26,implementation,reviewed-config,1.0,1.0,False,True
24428a1548324e06268c9174e358e22e9559801b,26,implementation,reviewed-config,1.0,1.0,False,True
25fde2c3d0c01acd97eb967b5903f6336c57b6ae,26,implementation,reviewed-config,1.0,1.0,False,True
27b32d888ac16fcaa31f6735b29d960131a8315c,4,direct;implementation,reviewed-config,1.0,1.0,False,True
27b4d85ec22c4165acb415ef3929bd10d4c35202,19,direct;implementation,reviewed-config,1.0,1.0,False,True
29444d740b06ee147a5690f1070d56abfa8be162,33,creation;direct;implementation,reviewed-config,1.0,1.0,True,True
2976159836a41160b0a462b26c952968c19a7923,26,implementation,reviewed-config,1.0,1.0,False,True
2aee7213d2467ac765cf2f834b3e8b0a5409064e,11,implementation,reviewed-config,1.0,1.0,False,True
2c3898c5b9fee3c3eefa3367c3219b2f4dbd2974,11,implementation,reviewed-config,1.0,1.0,False,True
2d3e003b9689d477939ba8543f037de2cf8068c5,8,direct,reviewed-config,1.0,1.0,False,False
2e24923ec49954fa4d4b17f56f3d26c10265a51b,26,implementation,reviewed-config,1.0,1.0,False,True
32babc084a6572ee51a860f636b385d6870c2b90,28,implementation,reviewed-config,1.0,1.0,False,True
352ff8c562657dc7ed4c0171d4448bdda0bec559,25,implementation,reviewed-config,1.0,1.0,False,True
36c5b18642e6568ca15e897dcae9132a6907e9db,25,direct;implementation,reviewed-config,1.0,1.0,False,True
3fd6771aa6fbbc5afe81722f5d39ce0c171019cd,26,implementation,reviewed-config,1.0,1.0,False,True
41e60a87d8b66f2a9ba012f5c5d11b525ab7c759,18,direct;implementation,reviewed-config,1.0,1.0,False,True
43b64835145b64f3346d6298de67754019b36df8,26,implementation,reviewed-config,1.0,1.0,False,True
44df34502dee4a2af0a264dfe0047ff8e82be4ab,28,implementation,reviewed-config,1.0,1.0,False,True
452263137775f01b3d4877c28d37aad4dce7884d,28,creation;direct;implementation,reviewed-config,1.0,1.0,True,True
46a24e9e98968ea9d3bfa50853be92e35d857f8e,26,implementation,reviewed-config,1.0,1.0,False,True
4a07659704ab091a117b882a027635c12af8294c,25,implementation,reviewed-config,1.0,1.0,False,True
4e470f0885282d2dfa9bcfc38252ea229589132c,22,direct;implementation,reviewed-config,1.0,1.0,False,True
50b8fd902d32fca1ed43570b89b6e097dd4e9fae,28,implementation,reviewed-config,1.0,1.0,False,True
546e43d639eb9d7eceb46aa966b8a592b187b12c,26,implementation,reviewed-config,1.0,1.0,False,True
561817a4bca220d705273d6744f1e5756cec418f,21,direct;implementation,reviewed-config,1.0,1.0,False,True
5c2ab0a3ba722d5fdc139615b6eb55902237162d,28,implementation,reviewed-config,1.0,1.0,False,True
5cf9b48f0411fadf42905537294e7db841c6a628,28,implementation,reviewed-config,1.0,1.0,False,True
603c07621916ecd47e1a9faee08d8c32cd6eebdf,20,direct;implementation,reviewed-config,1.0,1.0,False,True
604d139ad72b08a404092b8812a0130678f53984,28,implementation,reviewed-config,1.0,1.0,False,True
633671ae999d222fba32fde71594440b8b367350,16,implementation,reviewed-config,1.0,1.0,False,True
6811df91487bd977d74d60b43af798e9970e5d69,26,implementation;plan-revision,reviewed-config,1.0,1.0,True,True
68e340f508e0f0f5b0ac2fbbcae259abf6155b6e,11,direct;implementation,reviewed-config,1.0,1.0,False,True
68f7c7b1c66c1a7acd0564610efe03ceff89180b,10,direct;implementation,reviewed-config,1.0,1.0,False,True
6c669809df69c8e7566517df27f84cd4ac85cb37,2,implementation,reviewed-config,1.0,1.0,False,True
6cf4772cd3482a0a7ca38f2f613ca64a86da22a1,1,direct;implementation,reviewed-config,1.0,1.0,False,True
7228297fdfbf05a87af30e5330fdcdd1e908dd84,31,creation;direct;implementation,reviewed-config,1.0,1.0,True,True
7602f5d2dbef63b01a09845e5f322ad810ce7431,26,implementation,reviewed-config,1.0,1.0,False,True
777706cf1432bcd9bbd0ff1d145469d038b76fd3,26,implementation,reviewed-config,1.0,1.0,False,True
77e0dc1182db2bdd7d3a4d09b5c1a7b3b912191b,26,implementation,reviewed-config,1.0,1.0,False,True
7c15f6097d77ab2db98c6795b04474308f770536,26,implementation,reviewed-config,1.0,1.0,False,True
8053109fcb999ee4c2f8a060048b83dbfe4eed81,26,implementation;plan-revision,reviewed-config,1.0,1.0,True,True
80b722ee0e77887149ebfd307538cac12a5907c3,5,direct;implementation,reviewed-config,1.0,1.0,False,True
80b722ee0e77887149ebfd307538cac12a5907c3,6,direct;implementation,reviewed-config,1.0,1.0,False,True
82c43c94fe7392a5e5551ef1a311c150006ab0f3,29,creation;direct;implementation,reviewed-config,1.0,1.0,True,True
82db5cd7599e76c1f0c6e8dda5f420865e32f4e7,26,implementation,reviewed-config,1.0,1.0,False,True
83083cbcdf9667c18e3a5c3c11c66d2cfa24f4a6,9,direct;implementation,reviewed-config,1.0,1.0,False,True
83b8764ca1faecb6f984a4cf8703eaad75501f8a,26,implementation,reviewed-config,1.0,1.0,False,True
859a8f570b718d332f3f3814fc621280ae0f077e,26,implementation,reviewed-config,1.0,1.0,False,True
88d09498e62eed6f088450eb0cf1ec3129a7ad34,32,creation;direct;implementation,reviewed-config,1.0,1.0,True,True
893289b52cf06c6f3c02548f549ebc68e4281380,28,implementation,reviewed-config,1.0,1.0,False,True
90ef077070ed157959eed236c4a5edfc023423b8,14,direct;implementation,reviewed-config,1.0,1.0,False,True
9273900261be4959eb466c7c8dd5bce9283d6da8,28,implementation,reviewed-config,1.0,1.0,False,True
94c83a7fe23cb17431994dd0f02d5f38c321630b,26,implementation,reviewed-config,1.0,1.0,False,True
95957dd6350042cf04715f42d75a708d22bd4af1,26,implementation,reviewed-config,1.0,1.0,False,True
969d6592c5cd201b256d15e2453193b8064126f1,28,implementation,reviewed-config,1.0,1.0,False,True
987ade16137d70327f87ab16fcf3fc874681eba4,27,creation;direct;implementation,reviewed-config,1.0,1.0,True,True
9b05c92e3f87af186de2ebdf43ebe8f297b41572,26,implementation,reviewed-config,1.0,1.0,False,True
9e1ce62bf296678be8aa16075285d1f9e0cb453c,11,direct;implementation,reviewed-config,1.0,1.0,False,True
a0438824397c29c96ca6c63b48ef501b5d63dffe,11,implementation,reviewed-config,1.0,1.0,False,True
a76f2110c364943a6a2b000cd575807b8f75a6e6,2,direct;implementation,reviewed-config,1.0,1.0,False,True
ac28a73112d2a5170ee56f4f05fe6081f4376eb6,9,direct;implementation,reviewed-config,1.0,1.0,False,True
ae13badc1a2a880e7b374fa67010992d398fa737,8,implementation,reviewed-config,1.0,1.0,False,True
b4593bad7a73d4737a89fa81f52b0a0c853f2bce,11,direct;implementation,reviewed-config,1.0,1.0,False,True
b70f6625e06280784004190bcabafe04c96086d3,24,direct;implementation,reviewed-config,1.0,1.0,False,True
bae266f0f97e4d7e264cc54628bfaf3cc70a78f7,3,direct;implementation,reviewed-config,1.0,1.0,False,True
bba775b507acd848d8bea0c67609752e0d812194,12,direct;implementation,reviewed-config,1.0,1.0,False,True
bbb83ef00b9fb130f94ada7293ee1f429c6bf755,26,implementation,reviewed-config,1.0,1.0,False,True
bc1eaf01993b5f6ef2cc64eef0f6dd4fe66824de,16,implementation,reviewed-config,1.0,1.0,False,True
bee209c217c6b5fa2c4eaddbddcab99101ee589a,26,implementation,reviewed-config,1.0,1.0,False,True
bf6d257c8a9a96ec6846d3cac38bd49afd54f83a,15,implementation,reviewed-config,1.0,1.0,False,True
c02d65544f4b09ec7b1fa8ca3e5e15204fdd1795,26,implementation,reviewed-config,1.0,1.0,False,True
c1df562489d39bf6608f3053706fc038844b482c,28,implementation,reviewed-config,1.0,1.0,False,True
c2b2356f0f3b1143f444b6e8120567b343d729cc,26,implementation,reviewed-config,1.0,1.0,False,True
c56695645a5579bac37f1f716650754ccc5750a1,8,direct;implementation,reviewed-config,1.0,1.0,False,True
ce1865558f2929bb98bcf1450a297244be3fbb06,26,implementation,reviewed-config,1.0,1.0,False,True
ce82bfb0ed6ae71f4fa52b159af692e3b74fe2c7,11,implementation,reviewed-config,1.0,1.0,False,True
d0fca7dec639c9bd9845c8efb59147ccd1016e26,17,direct;implementation,reviewed-config,1.0,1.0,False,True
d2843d58d7c77e0470d1b467eacf8a956665e2c9,30,creation;direct;implementation,reviewed-config,1.0,1.0,True,True
d65459355d32c58116293e4f6cce8a759b6d67f5,26,implementation,reviewed-config,1.0,1.0,False,True
d928e3bb438c8fa266b8700f3d4b2709c72bd7ee,26,implementation,reviewed-config,1.0,1.0,False,True
da7b04f7563351b6c4c0883dbcbc16a5e081336a,13,direct;implementation,reviewed-config,1.0,1.0,False,True
e031a26f031d038fcc430fb7057600f67102ccbe,6,implementation,reviewed-config,1.0,1.0,False,True
e096ded126a62938d4627bd1205b32a0e30c77b0,28,implementation,reviewed-config,1.0,1.0,False,True
e0cd7da70c303f9524054cf6e150d7fbfca3d9d1,7,direct;implementation,reviewed-config,1.0,1.0,False,True
f156647a0d461ef4ed0ad7411cf1f1a4da51b3d4,28,implementation,reviewed-config,1.0,1.0,False,True
f195e03db1cd290792f99f8b880bb69995e28921,23,direct;implementation,reviewed-config,1.0,1.0,False,True
f19906905ecd5db8ea9d65fc0a6d80dbd0f798cb,26,implementation,reviewed-config,1.0,1.0,False,True
f23c8a089f6d5549a597e0635ff808b203a25766,25,implementation,reviewed-config,1.0,1.0,False,True
f36a117c021f535e956e2d1722625465cd66b2f3,11,implementation,reviewed-config,1.0,1.0,False,True
fc120558109cc0d36c1bee5ae25bce69d4702311,26,implementation,reviewed-config,1.0,1.0,False,True
fdfa298ddbbdc77c6301d6f700b3f922d82f9d27,28,implementation,reviewed-config,1.0,1.0,False,True
6c669809df69c8e7566517df27f84cd4ac85cb37,3,implementation,reviewed-transcript-segments,1.0,0.5,False,True
a76f2110c364943a6a2b000cd575807b8f75a6e6,3,implementation,reviewed-transcript-segments,1.0,0.5,False,True
bae266f0f97e4d7e264cc54628bfaf3cc70a78f7,2,implementation,reviewed-transcript-segments,1.0,0.5,False,True
2d3e003b9689d477939ba8543f037de2cf8068c5,8,implementation,reviewed-transcript-segments,1.0,1.0,False,True
633671ae999d222fba32fde71594440b8b367350,17,implementation,reviewed-transcript-segments,1.0,0.5,False,True
d0fca7dec639c9bd9845c8efb59147ccd1016e26,16,implementation,reviewed-transcript-segments,1.0,0.5,False,True
096d27739611fe6d978a8e683283c1ec3de7c030,21,implementation,reviewed-transcript-segments,1.0,1.0,False,True
192eaacabaecbe09ee3ee59d935f0d3ab2d86a02,26,implementation,reviewed-transcript-segments,1.0,1.0,False,True
5866685bcbe463804d3efa4fb258029bf961207a,26,implementation,reviewed-transcript-segments,1.0,1.0,False,True
987ade16137d70327f87ab16fcf3fc874681eba4,26,implementation,reviewed-transcript-segments,1.0,0.5,False,True
ce1865558f2929bb98bcf1450a297244be3fbb06,27,implementation,reviewed-transcript-segments,1.0,0.5,False,True
14a623cc7cae72b22210b2f44a8b8a9d3f09e85f,26,implementation,reviewed-transcript-segments,1.0,0.5,False,True
44df34502dee4a2af0a264dfe0047ff8e82be4ab,26,implementation,reviewed-transcript-segments,1.0,0.5,False,True
50b8fd902d32fca1ed43570b89b6e097dd4e9fae,26,implementation,reviewed-transcript-segments,1.0,0.5,False,True
5cf9b48f0411fadf42905537294e7db841c6a628,26,implementation,reviewed-transcript-segments,1.0,0.5,False,True
893289b52cf06c6f3c02548f549ebc68e4281380,26,implementation,reviewed-transcript-segments,1.0,0.5,False,True
969d6592c5cd201b256d15e2453193b8064126f1,26,implementation,reviewed-transcript-segments,1.0,0.5,False,True
c2b2356f0f3b1143f444b6e8120567b343d729cc,28,implementation,reviewed-transcript-segments,1.0,0.5,False,True
