plan_id,display_title,numeric_order,version_count,source_plan_ids,source_paths,current_source_id,current_source_path,current_source_line_count,creation_commit_id,revision_commit_ids,implementation_commit_ids,transcript_archive_commit_ids,associated_commit_ids,associated_transcript_ids,parent_theme_ids,revision_additions,revision_deletions,direct_plan_lines,direct_transcript_lines,implementation_transcript_lines,implementation_code_lines,implementation_test_lines,implementation_documentation_lines,direct_visible_elapsed_seconds,implementation_visible_elapsed_seconds,total_visible_conversation_elapsed_seconds,total_assistant_processing_seconds,total_user_response_seconds,back_and_forth_count,difficulty_inputs,difficulty_score,difficulty_label,difficulty_weight_coverage,first_evidence_date,last_evidence_date,confidence_score,warning_count
1,FLAC Bridge Build Notes,1,1,"[""1-FLACBridgeExecution""]","[""Docs/Plans/1-FLACBridgeExecution.md""]",1-FLACBridgeExecution,Docs/Plans/1-FLACBridgeExecution.md,23,6cf4772cd3482a0a7ca38f2f613ca64a86da22a1,"[""1fcd08274065e59e148cb05d16e592e98f02bced"", ""4f1e2732dc317203bf9fd6f998fe4946be3a760c""]","[""1fcd08274065e59e148cb05d16e592e98f02bced"", ""6cf4772cd3482a0a7ca38f2f613ca64a86da22a1""]","[""80b722ee0e77887149ebfd307538cac12a5907c3""]","[""1fcd08274065e59e148cb05d16e592e98f02bced"", ""4f1e2732dc317203bf9fd6f998fe4946be3a760c"", ""6cf4772cd3482a0a7ca38f2f613ca64a86da22a1""]","[""transcript-2026-02-27-1-1-FLACBridgeExecution""]","[""flac-lib""]",45,22,23,59.9268292714,31.0731707286,579.0,0.0,0.0,,,,,,1.0,"{""assistant_processing_time"": null, ""back_and_forth_count"": 1.0, ""code_lines"": 579.0, ""elapsed_time"": null, ""plan_lines"": 23, ""transcript_lines"": 91.0}",17.58,Low,0.7,2026-02-27,2026-02-27,1.0,0
2,ContentView Reorganization Plan,2,1,"[""2-ContentViewReorganizationPlan""]","[""Docs/Plans/2-ContentViewReorganizationPlan.md""]",2-ContentViewReorganizationPlan,Docs/Plans/2-ContentViewReorganizationPlan.md,125,a76f2110c364943a6a2b000cd575807b8f75a6e6,"[""6c669809df69c8e7566517df27f84cd4ac85cb37""]","[""6c669809df69c8e7566517df27f84cd4ac85cb37"", ""a76f2110c364943a6a2b000cd575807b8f75a6e6"", ""bae266f0f97e4d7e264cc54628bfaf3cc70a78f7""]","[""80b722ee0e77887149ebfd307538cac12a5907c3""]","[""6c669809df69c8e7566517df27f84cd4ac85cb37"", ""a76f2110c364943a6a2b000cd575807b8f75a6e6"", ""bae266f0f97e4d7e264cc54628bfaf3cc70a78f7""]","[""transcript-2026-03-04-1-2-ContentViewReorganizationPlan.md""]","[""project""]",128,3,125,41.166666666666664,180.5,1425.0,101.5,27.5,,,,,,2.0,"{""assistant_processing_time"": null, ""back_and_forth_count"": 2.0, ""code_lines"": 1425.0, ""elapsed_time"": null, ""plan_lines"": 125, ""transcript_lines"": 221.66666666666666}",31.82,Moderate,0.7,2026-03-04,2026-03-05,1.0,0
3,FLAC Picture Import + Album Art Assignment Plan,3,1,"[""3-FlacPictureImportAlbumArtPlan""]","[""Docs/Plans/3-FlacPictureImportAlbumArtPlan.md""]",3-FlacPictureImportAlbumArtPlan,Docs/Plans/3-FlacPictureImportAlbumArtPlan.md,116,bae266f0f97e4d7e264cc54628bfaf3cc70a78f7,[],"[""bae266f0f97e4d7e264cc54628bfaf3cc70a78f7"", ""6c669809df69c8e7566517df27f84cd4ac85cb37"", ""a76f2110c364943a6a2b000cd575807b8f75a6e6""]",[],"[""6c669809df69c8e7566517df27f84cd4ac85cb37"", ""a76f2110c364943a6a2b000cd575807b8f75a6e6"", ""bae266f0f97e4d7e264cc54628bfaf3cc70a78f7""]","[""transcript-2026-03-04-1-2-ContentViewReorganizationPlan.md""]","[""picture"", ""tags""]",116,0,116,5.846153846933334,19.487179486400002,1425.0,101.5,27.5,,,,,,1.0,"{""assistant_processing_time"": null, ""back_and_forth_count"": 1.0, ""code_lines"": 1425.0, ""elapsed_time"": null, ""plan_lines"": 116, ""transcript_lines"": 25.333333333333336}",26.52,Moderate,0.7,2026-03-04,2026-03-05,1.0,0
4,FLAC Write Tags and Pictures Plan,4,1,"[""4-FlacWriteTagsAndPicturesPlan""]","[""Docs/Plans/4-FlacWriteTagsAndPicturesPlan.md""]",4-FlacWriteTagsAndPicturesPlan,Docs/Plans/4-FlacWriteTagsAndPicturesPlan.md,274,27b32d888ac16fcaa31f6735b29d960131a8315c,[],"[""27b32d888ac16fcaa31f6735b29d960131a8315c""]","[""80b722ee0e77887149ebfd307538cac12a5907c3""]","[""27b32d888ac16fcaa31f6735b29d960131a8315c""]","[""transcript-2026-03-06-1-4-FlacWriteTagsAndPicturesPlan""]","[""flac-lib"", ""picture"", ""save"", ""tags""]",274,0,274,134.78144329896907,364.21855670103105,1579.0,874.0,107.0,,,,,,15.0,"{""assistant_processing_time"": null, ""back_and_forth_count"": 15.0, ""code_lines"": 1579.0, ""elapsed_time"": null, ""plan_lines"": 274, ""transcript_lines"": 499.0000000000001}",53.48,High,0.7,2026-03-06,2026-03-06,1.0,0
5,Add Save Notifications Plan,5,1,"[""5-AddSaveNotificationsPlan""]","[""Docs/Plans/5-AddSaveNotificationsPlan.md""]",5-AddSaveNotificationsPlan,Docs/Plans/5-AddSaveNotificationsPlan.md,175,004751dd893b3e1b96ba2e42f9a63fc000d75663,"[""645232c9f5fdbcd436cd208763553a0f163d3f77"", ""80b722ee0e77887149ebfd307538cac12a5907c3""]","[""80b722ee0e77887149ebfd307538cac12a5907c3""]","[""80b722ee0e77887149ebfd307538cac12a5907c3""]","[""004751dd893b3e1b96ba2e42f9a63fc000d75663"", ""645232c9f5fdbcd436cd208763553a0f163d3f77"", ""80b722ee0e77887149ebfd307538cac12a5907c3""]","[""transcript-2026-03-07-1-5-AddSaveNotificationsPlan""]","[""save""]",427,252,175,22.39793281653747,765.6020671834626,394.5,209.0,227.5,,,,,,20.0,"{""assistant_processing_time"": null, ""back_and_forth_count"": 20.0, ""code_lines"": 394.5, ""elapsed_time"": null, ""plan_lines"": 175, ""transcript_lines"": 788.0000000000001}",38.79,Moderate,0.7,2026-03-06,2026-03-09,1.0,0
6,Agents Transcript Skill Plan,6,1,"[""6-AgentsTranscriptSkillPlan""]","[""Docs/Plans/6-AgentsTranscriptSkillPlan.md""]",6-AgentsTranscriptSkillPlan,Docs/Plans/6-AgentsTranscriptSkillPlan.md,149,80b722ee0e77887149ebfd307538cac12a5907c3,[],"[""80b722ee0e77887149ebfd307538cac12a5907c3"", ""e031a26f031d038fcc430fb7057600f67102ccbe""]","[""80b722ee0e77887149ebfd307538cac12a5907c3""]","[""80b722ee0e77887149ebfd307538cac12a5907c3"", ""e031a26f031d038fcc430fb7057600f67102ccbe""]","[""transcript-2026-03-07-2-6-AgentsTranscriptSkillPlan""]","[""applescript"", ""project""]",149,0,149,84.36974789915966,166.63025210084035,394.5,209.0,439.5,,,,,,8.0,"{""assistant_processing_time"": null, ""back_and_forth_count"": 8.0, ""code_lines"": 394.5, ""elapsed_time"": null, ""plan_lines"": 149, ""transcript_lines"": 251.0}",28.64,Moderate,0.7,2026-03-07,2026-03-09,1.0,0
7,Add Save Status View Plan,7,1,"[""7-AddSaveStatusViewPlan""]","[""Docs/Plans/7-AddSaveStatusViewPlan.md""]",7-AddSaveStatusViewPlan,Docs/Plans/7-AddSaveStatusViewPlan.md,197,e0cd7da70c303f9524054cf6e150d7fbfca3d9d1,[],"[""e0cd7da70c303f9524054cf6e150d7fbfca3d9d1""]","[""e0cd7da70c303f9524054cf6e150d7fbfca3d9d1""]","[""e0cd7da70c303f9524054cf6e150d7fbfca3d9d1""]","[""transcript-2026-03-12-1-7-AddSaveStatusViewPlan""]","[""diff"", ""save""]",197,0,197,168.07648183556407,367.92351816443596,554.0,243.0,0.0,,,,,,21.0,"{""assistant_processing_time"": null, ""back_and_forth_count"": 21.0, ""code_lines"": 554.0, ""elapsed_time"": null, ""plan_lines"": 197, ""transcript_lines"": 536.0}",41.21,Moderate,0.7,2026-03-12,2026-03-12,1.0,0
8,Add Track Status Plan,8,1,"[""8-AddTrackStatusPlan""]","[""Docs/Plans/8-AddTrackStatusPlan.md""]",8-AddTrackStatusPlan,Docs/Plans/8-AddTrackStatusPlan.md,301,c56695645a5579bac37f1f716650754ccc5750a1,"[""2d3e003b9689d477939ba8543f037de2cf8068c5""]","[""ae13badc1a2a880e7b374fa67010992d398fa737"", ""c56695645a5579bac37f1f716650754ccc5750a1"", ""2d3e003b9689d477939ba8543f037de2cf8068c5""]","[""c56695645a5579bac37f1f716650754ccc5750a1"", ""94246bbd4bebc8a284577f2d68b82ff5db235599""]","[""2d3e003b9689d477939ba8543f037de2cf8068c5"", ""ae13badc1a2a880e7b374fa67010992d398fa737"", ""c56695645a5579bac37f1f716650754ccc5750a1""]","[""transcript-2026-03-13-1-8-AddTrackStatusPlan"", ""transcript-2026-03-14-1-8-AddTrackStatusPlan""]","[""diff"", ""tags""]",311,10,301,147.9687626774848,734.0312373225152,1670.0,1071.0,207.0,11744.0,34067.0,45811.0,5142.0,40669.0,26.0,"{""assistant_processing_time"": 5142.0, ""back_and_forth_count"": 26.0, ""code_lines"": 1670.0, ""elapsed_time"": 45811.0, ""plan_lines"": 301, ""transcript_lines"": 882.0}",84.24,Very High,1.0,2026-03-13,2026-03-14,1.0,0
9,Add UI Feedback Settings Plan,9,1,"[""9-AddUIFeedbackSettings""]","[""Docs/Plans/9-AddUIFeedbackSettings.md""]",9-AddUIFeedbackSettings,Docs/Plans/9-AddUIFeedbackSettings.md,159,ac28a73112d2a5170ee56f4f05fe6081f4376eb6,"[""83083cbcdf9667c18e3a5c3c11c66d2cfa24f4a6""]","[""0d268f9dbda719319837ad31711eb87f9f166499"", ""83083cbcdf9667c18e3a5c3c11c66d2cfa24f4a6"", ""ac28a73112d2a5170ee56f4f05fe6081f4376eb6""]","[""ac28a73112d2a5170ee56f4f05fe6081f4376eb6"", ""0d268f9dbda719319837ad31711eb87f9f166499""]","[""0d268f9dbda719319837ad31711eb87f9f166499"", ""83083cbcdf9667c18e3a5c3c11c66d2cfa24f4a6"", ""ac28a73112d2a5170ee56f4f05fe6081f4376eb6""]","[""transcript-2026-03-17-1-9-AddUIFeedbackSettings"", ""transcript-2026-03-17-2-9-AddUIFeedbackSettings"", ""transcript-2026-03-18-1-9-AddUIFeedbackSettings""]","[""diff"", ""settings""]",410,251,159,302.87676072363024,534.1232392763698,1717.0,715.0,0.0,19788.0,15821.0,35609.0,5845.0,29764.0,22.0,"{""assistant_processing_time"": 5845.0, ""back_and_forth_count"": 22.0, ""code_lines"": 1717.0, ""elapsed_time"": 35609.0, ""plan_lines"": 159, ""transcript_lines"": 837.0}",76.67,Very High,1.0,2026-03-17,2026-03-18,1.0,0
10,Add Track Management Plan,10,1,"[""10-AddTrackManagement""]","[""Docs/Plans/10-AddTrackManagement.md""]",10-AddTrackManagement,Docs/Plans/10-AddTrackManagement.md,202,68f7c7b1c66c1a7acd0564610efe03ceff89180b,[],"[""68f7c7b1c66c1a7acd0564610efe03ceff89180b""]","[""b1c99ff0e11dc7d38d78a51a328115010a433f80""]","[""68f7c7b1c66c1a7acd0564610efe03ceff89180b""]","[""transcript-2026-03-19-1-10-AddTrackManagement""]","[""tags""]",202,0,202,77.98013245033113,236.0198675496689,932.0,259.0,0.0,4539.0,14538.0,19077.0,2098.0,16979.0,7.0,"{""assistant_processing_time"": 2098.0, ""back_and_forth_count"": 7.0, ""code_lines"": 932.0, ""elapsed_time"": 19077.0, ""plan_lines"": 202, ""transcript_lines"": 314.0}",56.67,High,1.0,2026-03-19,2026-03-19,1.0,0
11,Add Multi Picture Per Track Support Plan,11,4,"[""11-v1-AddMultiPicturePerTrackSupport"", ""11-v2-AddMultiPicturePerTrackSupport"", ""11-v3-AddMultiPicturePerTrackSupport"", ""11-v4-AddMultiPicturePerTrackSupport""]","[""Docs/Plans/11-v1-AddMultiPicturePerTrackSupport.md"", ""Docs/Plans/11-v2-AddMultiPicturePerTrackSupport.md"", ""Docs/Plans/11-v3-AddMultiPicturePerTrackSupport.md"", ""Docs/Plans/11-v4-AddMultiPicturePerTrackSupport.md""]",11-v4-AddMultiPicturePerTrackSupport,Docs/Plans/11-v4-AddMultiPicturePerTrackSupport.md,205,9e1ce62bf296678be8aa16075285d1f9e0cb453c,"[""9e1ce62bf296678be8aa16075285d1f9e0cb453c"", ""68e340f508e0f0f5b0ac2fbbcae259abf6155b6e"", ""b4593bad7a73d4737a89fa81f52b0a0c853f2bce""]","[""1e4ea8e60ed212c41a1f3f43a972ccad5855a07a"", ""2aee7213d2467ac765cf2f834b3e8b0a5409064e"", ""2c3898c5b9fee3c3eefa3367c3219b2f4dbd2974"", ""68e340f508e0f0f5b0ac2fbbcae259abf6155b6e"", ""9e1ce62bf296678be8aa16075285d1f9e0cb453c"", ""a0438824397c29c96ca6c63b48ef501b5d63dffe"", ""b4593bad7a73d4737a89fa81f52b0a0c853f2bce"", ""ce82bfb0ed6ae71f4fa52b159af692e3b74fe2c7"", ""f36a117c021f535e956e2d1722625465cd66b2f3""]","[""9e1ce62bf296678be8aa16075285d1f9e0cb453c"", ""68e340f508e0f0f5b0ac2fbbcae259abf6155b6e"", ""b4593bad7a73d4737a89fa81f52b0a0c853f2bce"", ""f36a117c021f535e956e2d1722625465cd66b2f3"", ""2c3898c5b9fee3c3eefa3367c3219b2f4dbd2974"", ""ce82bfb0ed6ae71f4fa52b159af692e3b74fe2c7"", ""2aee7213d2467ac765cf2f834b3e8b0a5409064e"", ""a0438824397c29c96ca6c63b48ef501b5d63dffe""]","[""1e4ea8e60ed212c41a1f3f43a972ccad5855a07a"", ""2aee7213d2467ac765cf2f834b3e8b0a5409064e"", ""2c3898c5b9fee3c3eefa3367c3219b2f4dbd2974"", ""68e340f508e0f0f5b0ac2fbbcae259abf6155b6e"", ""9e1ce62bf296678be8aa16075285d1f9e0cb453c"", ""a0438824397c29c96ca6c63b48ef501b5d63dffe"", ""b4593bad7a73d4737a89fa81f52b0a0c853f2bce"", ""ce82bfb0ed6ae71f4fa52b159af692e3b74fe2c7"", ""f36a117c021f535e956e2d1722625465cd66b2f3""]","[""transcript-2026-03-21-1-11-AddMultiPicturePerTrackSupport"", ""transcript-2026-03-22-1-11-AddMultiPicturePerTrackSupport"", ""transcript-2026-03-23-1-11-AddMultiPicturePerTrackSupport"", ""transcript-2026-03-24-1-11-AddMultiPicturePerTrackSupport"", ""transcript-2026-03-26-1-11-AddMultiPicturePerTrackSupport""]","[""picture""]",938,0,205,456.92464168779156,1728.0753583122082,3449.0,1546.0,0.0,43430.0,256600.0,300030.0,16596.0,283434.0,63.0,"{""assistant_processing_time"": 16596.0, ""back_and_forth_count"": 63.0, ""code_lines"": 3449.0, ""elapsed_time"": 300030.0, ""plan_lines"": 205, ""transcript_lines"": 2185.0}",90.3,Very High,1.0,2026-03-21,2026-03-26,1.0,0
12,Add FLAC Document Open Support Plan,12,1,"[""12-AddFLACDocumentOpenSupport""]","[""Docs/Plans/12-AddFLACDocumentOpenSupport.md""]",12-AddFLACDocumentOpenSupport,Docs/Plans/12-AddFLACDocumentOpenSupport.md,142,bba775b507acd848d8bea0c67609752e0d812194,[],"[""bba775b507acd848d8bea0c67609752e0d812194""]","[""bba775b507acd848d8bea0c67609752e0d812194""]","[""bba775b507acd848d8bea0c67609752e0d812194""]","[""transcript-2026-03-31-1-12-AddFLACDocumentOpenSupport""]","[""project"", ""swifttag-document""]",142,0,142,112.38860103626942,285.61139896373055,413.0,203.0,0.0,21628.0,23035.0,44663.0,2948.0,41715.0,12.0,"{""assistant_processing_time"": 2948.0, ""back_and_forth_count"": 12.0, ""code_lines"": 413.0, ""elapsed_time"": 44663.0, ""plan_lines"": 142, ""transcript_lines"": 398.0}",53.94,High,1.0,2026-03-31,2026-04-01,1.0,0
13,Add FLAC Fingerprint Support Plan,13,1,"[""13-AddFLACFingerprintSupport""]","[""Docs/Plans/13-AddFLACFingerprintSupport.md""]",13-AddFLACFingerprintSupport,Docs/Plans/13-AddFLACFingerprintSupport.md,133,da7b04f7563351b6c4c0883dbcbc16a5e081336a,[],"[""da7b04f7563351b6c4c0883dbcbc16a5e081336a""]","[""da7b04f7563351b6c4c0883dbcbc16a5e081336a""]","[""da7b04f7563351b6c4c0883dbcbc16a5e081336a""]","[""transcript-2026-04-01-1-13-AddFLACFingerprintSupport""]","[""flac-lib"", ""tags""]",133,0,133,64.0,32.0,145.0,139.0,1.0,3205.0,490.0,3695.0,655.0,3040.0,3.0,"{""assistant_processing_time"": 655.0, ""back_and_forth_count"": 3.0, ""code_lines"": 145.0, ""elapsed_time"": 3695.0, ""plan_lines"": 133, ""transcript_lines"": 96.0}",16.82,Low,1.0,2026-04-01,2026-04-01,1.0,0
14,Add Compilation Tag Plan,14,1,"[""14-AddCompilationTag""]","[""Docs/Plans/14-AddCompilationTag.md""]",14-AddCompilationTag,Docs/Plans/14-AddCompilationTag.md,196,90ef077070ed157959eed236c4a5edfc023423b8,[],"[""90ef077070ed157959eed236c4a5edfc023423b8""]","[""90ef077070ed157959eed236c4a5edfc023423b8""]","[""90ef077070ed157959eed236c4a5edfc023423b8""]","[""transcript-2026-04-02-1-14-AddCompilationTag""]","[""tags""]",196,0,196,76.66666666666669,61.333333333333336,270.0,215.0,3.0,3616.0,15918.0,19534.0,1060.0,18474.0,6.0,"{""assistant_processing_time"": 1060.0, ""back_and_forth_count"": 6.0, ""code_lines"": 270.0, ""elapsed_time"": 19534.0, ""plan_lines"": 196, ""transcript_lines"": 138.00000000000003}",35.61,Moderate,1.0,2026-04-01,2026-04-02,1.0,0
15,Add SwiftTag Document Creation Plan,15,1,"[""15-AddSwiftTagDocumentCreation""]","[""Docs/Plans/15-AddSwiftTagDocumentCreation.md""]",15-AddSwiftTagDocumentCreation,Docs/Plans/15-AddSwiftTagDocumentCreation.md,301,1276536d7ce542d757187ed8e2a7a229c6741847,[],"[""1276536d7ce542d757187ed8e2a7a229c6741847"", ""bf6d257c8a9a96ec6846d3cac38bd49afd54f83a""]","[""bf6d257c8a9a96ec6846d3cac38bd49afd54f83a""]","[""1276536d7ce542d757187ed8e2a7a229c6741847"", ""bf6d257c8a9a96ec6846d3cac38bd49afd54f83a""]","[""transcript-2026-04-02-1-15-AddSwiftTagDocumentCreation""]","[""picture"", ""swifttag-document"", ""tags""]",301,0,301,173.69444444444446,270.30555555555554,1081.0,436.0,0.0,79973.0,12427.0,92400.0,3148.0,89252.0,11.0,"{""assistant_processing_time"": 3148.0, ""back_and_forth_count"": 11.0, ""code_lines"": 1081.0, ""elapsed_time"": 92400.0, ""plan_lines"": 301, ""transcript_lines"": 444.0}",72.88,High,1.0,2026-04-02,2026-04-03,1.0,0
16,Add SwiftTag Document Read Plan,16,1,"[""16-AddSwiftTagDocumentRead""]","[""Docs/Plans/16-AddSwiftTagDocumentRead.md""]",16-AddSwiftTagDocumentRead,Docs/Plans/16-AddSwiftTagDocumentRead.md,200,1c2bb82cfcda4a8e4043b7e883e42928b18064cf,[],"[""1c2bb82cfcda4a8e4043b7e883e42928b18064cf"", ""633671ae999d222fba32fde71594440b8b367350"", ""bc1eaf01993b5f6ef2cc64eef0f6dd4fe66824de"", ""d0fca7dec639c9bd9845c8efb59147ccd1016e26""]","[""1c2bb82cfcda4a8e4043b7e883e42928b18064cf"", ""633671ae999d222fba32fde71594440b8b367350"", ""d0fca7dec639c9bd9845c8efb59147ccd1016e26"", ""bc1eaf01993b5f6ef2cc64eef0f6dd4fe66824de"", ""575c54bdaeb6d9eda3326eedccc6e2395422094e""]","[""1c2bb82cfcda4a8e4043b7e883e42928b18064cf"", ""633671ae999d222fba32fde71594440b8b367350"", ""bc1eaf01993b5f6ef2cc64eef0f6dd4fe66824de"", ""d0fca7dec639c9bd9845c8efb59147ccd1016e26""]","[""transcript-2026-04-04-1-16-AddSwiftTagDocumentRead"", ""transcript-2026-04-04-1-17-SwiftTagDocumentReadLiveFileResolution"", ""transcript-2026-04-05-1-SwiftTagDocumentReopenFix""]","[""swifttag-document"", ""tags""]",200,0,200,57.05095541401274,740.6229576294654,915.5,1003.5,0.0,1356.0,21610.0,22966.0,8170.0,14796.0,18.0,"{""assistant_processing_time"": 8170.0, ""back_and_forth_count"": 18.0, ""code_lines"": 915.5, ""elapsed_time"": 22966.0, ""plan_lines"": 200, ""transcript_lines"": 797.6739130434781}",68.33,High,1.0,2026-04-04,2026-04-05,1.0,0
17,SwiftTag Document Read Live File Resolution Plan,17,1,"[""17-SwiftTagDocumentReadLiveFileResolution""]","[""Docs/Plans/17-SwiftTagDocumentReadLiveFileResolution.md""]",17-SwiftTagDocumentReadLiveFileResolution,Docs/Plans/17-SwiftTagDocumentReadLiveFileResolution.md,208,d0fca7dec639c9bd9845c8efb59147ccd1016e26,[],"[""d0fca7dec639c9bd9845c8efb59147ccd1016e26"", ""633671ae999d222fba32fde71594440b8b367350""]","[""d0fca7dec639c9bd9845c8efb59147ccd1016e26""]","[""633671ae999d222fba32fde71594440b8b367350"", ""d0fca7dec639c9bd9845c8efb59147ccd1016e26""]","[""transcript-2026-04-04-1-17-SwiftTagDocumentReadLiveFileResolution""]","[""diff"", ""swifttag-document"", ""tags""]",208,0,208,59.89130434782608,45.43478260869565,157.5,144.5,0.0,3270.0,869.0,4139.0,1315.0,2824.0,3.0,"{""assistant_processing_time"": 1315.0, ""back_and_forth_count"": 3.0, ""code_lines"": 157.5, ""elapsed_time"": 4139.0, ""plan_lines"": 208, ""transcript_lines"": 105.32608695652172}",23.33,Low,1.0,2026-04-04,2026-04-04,1.0,0
18,Update Window Title Text Plan,18,1,"[""18-UpdateWindowTitleText""]","[""Docs/Plans/18-UpdateWindowTitleText.md""]",18-UpdateWindowTitleText,Docs/Plans/18-UpdateWindowTitleText.md,250,41e60a87d8b66f2a9ba012f5c5d11b525ab7c759,[],"[""41e60a87d8b66f2a9ba012f5c5d11b525ab7c759""]","[""41e60a87d8b66f2a9ba012f5c5d11b525ab7c759""]","[""41e60a87d8b66f2a9ba012f5c5d11b525ab7c759""]","[""transcript-2026-04-06-1-18-UpdateWindowTitleText""]",[],250,0,250,120.90000000000002,251.10000000000002,241.0,738.0,0.0,46966.0,13203.0,60169.0,6889.0,53280.0,12.0,"{""assistant_processing_time"": 6889.0, ""back_and_forth_count"": 12.0, ""code_lines"": 241.0, ""elapsed_time"": 60169.0, ""plan_lines"": 250, ""transcript_lines"": 372.00000000000006}",55.3,High,1.0,2026-04-06,2026-04-06,1.0,0
19,Add SwiftTag Document Save Options Plan,19,1,"[""19-AddSwiftTagDocumentSaveOptions""]","[""Docs/Plans/19-AddSwiftTagDocumentSaveOptions.md""]",19-AddSwiftTagDocumentSaveOptions,Docs/Plans/19-AddSwiftTagDocumentSaveOptions.md,263,27b4d85ec22c4165acb415ef3929bd10d4c35202,"[""603c07621916ecd47e1a9faee08d8c32cd6eebdf"", ""4e470f0885282d2dfa9bcfc38252ea229589132c""]","[""27b4d85ec22c4165acb415ef3929bd10d4c35202""]","[""27b4d85ec22c4165acb415ef3929bd10d4c35202"", ""603c07621916ecd47e1a9faee08d8c32cd6eebdf"", ""4e470f0885282d2dfa9bcfc38252ea229589132c""]","[""27b4d85ec22c4165acb415ef3929bd10d4c35202"", ""4e470f0885282d2dfa9bcfc38252ea229589132c"", ""603c07621916ecd47e1a9faee08d8c32cd6eebdf""]","[""transcript-2026-04-07-3-19-AddSwiftTagDocumentSaveOptions"", ""transcript-2026-04-08-1-20-AddSwiftTagDocumentSaveOptions"", ""transcript-2026-04-10-2-22-AddSwiftTagDocumentSaveOptions""]","[""save"", ""swifttag-document"", ""tags""]",789,0,263,75.86274509803923,242.1372549019608,233.0,447.0,0.0,5482.0,13339.0,18821.0,4631.0,14190.0,6.0,"{""assistant_processing_time"": 4631.0, ""back_and_forth_count"": 6.0, ""code_lines"": 233.0, ""elapsed_time"": 18821.0, ""plan_lines"": 263, ""transcript_lines"": 318.0}",45.76,Moderate,1.0,2026-04-07,2026-04-10,1.0,0
20,Add Window-Close SwiftTag Document Save Options Plan,20,1,"[""20-AddSwiftTagDocumentSaveOptions""]","[""Docs/Plans/20-AddSwiftTagDocumentSaveOptions.md""]",20-AddSwiftTagDocumentSaveOptions,Docs/Plans/20-AddSwiftTagDocumentSaveOptions.md,287,27b4d85ec22c4165acb415ef3929bd10d4c35202,"[""603c07621916ecd47e1a9faee08d8c32cd6eebdf"", ""4e470f0885282d2dfa9bcfc38252ea229589132c""]","[""603c07621916ecd47e1a9faee08d8c32cd6eebdf""]","[""27b4d85ec22c4165acb415ef3929bd10d4c35202"", ""603c07621916ecd47e1a9faee08d8c32cd6eebdf"", ""4e470f0885282d2dfa9bcfc38252ea229589132c""]","[""27b4d85ec22c4165acb415ef3929bd10d4c35202"", ""4e470f0885282d2dfa9bcfc38252ea229589132c"", ""603c07621916ecd47e1a9faee08d8c32cd6eebdf""]","[""transcript-2026-04-07-3-19-AddSwiftTagDocumentSaveOptions"", ""transcript-2026-04-08-1-20-AddSwiftTagDocumentSaveOptions"", ""transcript-2026-04-10-2-22-AddSwiftTagDocumentSaveOptions""]","[""save"", ""swifttag-document"", ""tags""]",789,0,287,68.64179104477613,77.35820895522389,580.0,224.0,0.0,5565.0,3379.0,8944.0,1248.0,7696.0,4.0,"{""assistant_processing_time"": 1248.0, ""back_and_forth_count"": 4.0, ""code_lines"": 580.0, ""elapsed_time"": 8944.0, ""plan_lines"": 287, ""transcript_lines"": 146.0}",43.79,Moderate,1.0,2026-04-07,2026-04-10,1.0,0
21,Add SwiftTag Document Bookmark Plan,21,1,"[""21-AddSwiftTagDocumentBookmark""]","[""Docs/Plans/21-AddSwiftTagDocumentBookmark.md""]",21-AddSwiftTagDocumentBookmark,Docs/Plans/21-AddSwiftTagDocumentBookmark.md,232,561817a4bca220d705273d6744f1e5756cec418f,[],"[""561817a4bca220d705273d6744f1e5756cec418f"", ""096d27739611fe6d978a8e683283c1ec3de7c030""]","[""561817a4bca220d705273d6744f1e5756cec418f""]","[""096d27739611fe6d978a8e683283c1ec3de7c030"", ""561817a4bca220d705273d6744f1e5756cec418f""]","[""transcript-2026-04-09-2-21-AddSwiftTagDocumentBookmark""]","[""swifttag-document"", ""tags""]",232,0,232,54.38121546961326,100.23204419889504,790.0,313.0,0.0,2193.0,3495.0,5688.0,2265.0,3423.0,3.0,"{""assistant_processing_time"": 2265.0, ""back_and_forth_count"": 3.0, ""code_lines"": 790.0, ""elapsed_time"": 5688.0, ""plan_lines"": 232, ""transcript_lines"": 154.6132596685083}",45.3,Moderate,1.0,2026-04-09,2026-04-09,1.0,0
22,Add Referenced SwiftTag Document Track-List Save Offer Plan,22,1,"[""22-AddSwiftTagDocumentSaveOptions""]","[""Docs/Plans/22-AddSwiftTagDocumentSaveOptions.md""]",22-AddSwiftTagDocumentSaveOptions,Docs/Plans/22-AddSwiftTagDocumentSaveOptions.md,239,27b4d85ec22c4165acb415ef3929bd10d4c35202,"[""603c07621916ecd47e1a9faee08d8c32cd6eebdf"", ""4e470f0885282d2dfa9bcfc38252ea229589132c""]","[""4e470f0885282d2dfa9bcfc38252ea229589132c""]","[""27b4d85ec22c4165acb415ef3929bd10d4c35202"", ""603c07621916ecd47e1a9faee08d8c32cd6eebdf"", ""4e470f0885282d2dfa9bcfc38252ea229589132c""]","[""27b4d85ec22c4165acb415ef3929bd10d4c35202"", ""4e470f0885282d2dfa9bcfc38252ea229589132c"", ""603c07621916ecd47e1a9faee08d8c32cd6eebdf""]","[""transcript-2026-04-07-3-19-AddSwiftTagDocumentSaveOptions"", ""transcript-2026-04-08-1-20-AddSwiftTagDocumentSaveOptions"", ""transcript-2026-04-10-2-22-AddSwiftTagDocumentSaveOptions""]","[""save"", ""swifttag-document"", ""tags""]",789,0,239,56.588235294117645,91.41176470588235,315.0,423.0,0.0,912.0,3400.0,4312.0,2771.0,1541.0,3.0,"{""assistant_processing_time"": 2771.0, ""back_and_forth_count"": 3.0, ""code_lines"": 315.0, ""elapsed_time"": 4312.0, ""plan_lines"": 239, ""transcript_lines"": 148.0}",35.15,Moderate,1.0,2026-04-07,2026-04-10,1.0,0
23,Add SwiftTag Document Quick Look Preview Extension Plan,23,1,"[""23-AddSwiftTagDocumentQuickLook""]","[""Docs/Plans/23-AddSwiftTagDocumentQuickLook.md""]",23-AddSwiftTagDocumentQuickLook,Docs/Plans/23-AddSwiftTagDocumentQuickLook.md,256,f195e03db1cd290792f99f8b880bb69995e28921,[],"[""f195e03db1cd290792f99f8b880bb69995e28921""]","[""f195e03db1cd290792f99f8b880bb69995e28921""]","[""f195e03db1cd290792f99f8b880bb69995e28921""]","[""transcript-2026-04-11-1-23-AddSwiftTagDocumentQuickLook""]","[""swifttag-document"", ""tags""]",256,0,256,71.0,213.00000000000003,2337.0,276.0,0.0,50776.0,14905.0,65681.0,9070.0,56611.0,5.0,"{""assistant_processing_time"": 9070.0, ""back_and_forth_count"": 5.0, ""code_lines"": 2337.0, ""elapsed_time"": 65681.0, ""plan_lines"": 256, ""transcript_lines"": 284.0}",71.82,High,1.0,2026-04-11,2026-04-11,1.0,0
24,Add Track Duration Info Plan,24,1,"[""24-AddTrackDurationInfo""]","[""Docs/Plans/24-AddTrackDurationInfo.md""]",24-AddTrackDurationInfo,Docs/Plans/24-AddTrackDurationInfo.md,264,b70f6625e06280784004190bcabafe04c96086d3,[],"[""b70f6625e06280784004190bcabafe04c96086d3""]","[""b70f6625e06280784004190bcabafe04c96086d3""]","[""b70f6625e06280784004190bcabafe04c96086d3""]","[""transcript-2026-04-12-1-24-AddTrackDurationInfo""]",[],264,0,264,177.070351758794,33.92964824120603,240.0,337.0,0.0,16950.0,907.0,17857.0,2173.0,15684.0,5.0,"{""assistant_processing_time"": 2173.0, ""back_and_forth_count"": 5.0, ""code_lines"": 240.0, ""elapsed_time"": 17857.0, ""plan_lines"": 264, ""transcript_lines"": 211.00000000000003}",38.03,Moderate,1.0,2026-04-12,2026-04-12,1.0,0
25,Add Picture Description Edit Plan,25,1,"[""25-AddPictureDescriptionEdit""]","[""Docs/Plans/25-AddPictureDescriptionEdit.md""]",25-AddPictureDescriptionEdit,Docs/Plans/25-AddPictureDescriptionEdit.md,223,36c5b18642e6568ca15e897dcae9132a6907e9db,[],"[""352ff8c562657dc7ed4c0171d4448bdda0bec559"", ""36c5b18642e6568ca15e897dcae9132a6907e9db"", ""4a07659704ab091a117b882a027635c12af8294c"", ""f23c8a089f6d5549a597e0635ff808b203a25766""]","[""4a07659704ab091a117b882a027635c12af8294c""]","[""352ff8c562657dc7ed4c0171d4448bdda0bec559"", ""36c5b18642e6568ca15e897dcae9132a6907e9db"", ""4a07659704ab091a117b882a027635c12af8294c"", ""f23c8a089f6d5549a597e0635ff808b203a25766""]","[""transcript-2026-04-14-1-25-AddPictureDescriptionEdit"", ""transcript-2026-04-16-1-InternalExternalDiffUpdateFix"", ""transcript-2026-04-17-1-InternalExternalDiffDocUpdateFix""]","[""applescript"", ""picture""]",223,0,223,69.79340659340659,778.7181141439205,738.0,1464.0,0.0,5918.0,97394.0,103312.0,19567.0,83745.0,19.0,"{""assistant_processing_time"": 19567.0, ""back_and_forth_count"": 19.0, ""code_lines"": 738.0, ""elapsed_time"": 103312.0, ""plan_lines"": 223, ""transcript_lines"": 848.5115207373271}",75.45,Very High,1.0,2026-04-14,2026-04-17,1.0,0
26,Add AppleScript Support Plan,26,1,"[""26-AddAppleScriptSupport""]","[""Docs/Plans/26-AddAppleScriptSupport.md""]",26-AddAppleScriptSupport,Docs/Plans/26-AddAppleScriptSupport.md,330,192eaacabaecbe09ee3ee59d935f0d3ab2d86a02,"[""0c2d38575541a8dada750da08698d78e75a4d3f0"", ""d65459355d32c58116293e4f6cce8a759b6d67f5"", ""546e43d639eb9d7eceb46aa966b8a592b187b12c"", ""11ba78598b25840b5e415e7410b8df4b75c964c5"", ""6811df91487bd977d74d60b43af798e9970e5d69"", ""8053109fcb999ee4c2f8a060048b83dbfe4eed81""]","[""063c138d4ad746588a85c0be70cc1c5c75854e87"", ""0c2d38575541a8dada750da08698d78e75a4d3f0"", ""11ba78598b25840b5e415e7410b8df4b75c964c5"", ""17b6c1045af4a5e5e2c465dded80f53ff5695df5"", ""1b08404c005806083a5443603d98c10c5510ee70"", ""2298c43c00492de67ad920a395d3ec7a8c8fb722"", ""24428a1548324e06268c9174e358e22e9559801b"", ""25fde2c3d0c01acd97eb967b5903f6336c57b6ae"", ""2976159836a41160b0a462b26c952968c19a7923"", ""2e24923ec49954fa4d4b17f56f3d26c10265a51b"", ""3fd6771aa6fbbc5afe81722f5d39ce0c171019cd"", ""43b64835145b64f3346d6298de67754019b36df8"", ""46a24e9e98968ea9d3bfa50853be92e35d857f8e"", ""546e43d639eb9d7eceb46aa966b8a592b187b12c"", ""6811df91487bd977d74d60b43af798e9970e5d69"", ""7602f5d2dbef63b01a09845e5f322ad810ce7431"", ""777706cf1432bcd9bbd0ff1d145469d038b76fd3"", ""77e0dc1182db2bdd7d3a4d09b5c1a7b3b912191b"", ""7c15f6097d77ab2db98c6795b04474308f770536"", ""8053109fcb999ee4c2f8a060048b83dbfe4eed81"", ""82db5cd7599e76c1f0c6e8dda5f420865e32f4e7"", ""83b8764ca1faecb6f984a4cf8703eaad75501f8a"", ""859a8f570b718d332f3f3814fc621280ae0f077e"", ""94c83a7fe23cb17431994dd0f02d5f38c321630b"", ""95957dd6350042cf04715f42d75a708d22bd4af1"", ""9b05c92e3f87af186de2ebdf43ebe8f297b41572"", ""bbb83ef00b9fb130f94ada7293ee1f429c6bf755"", ""bee209c217c6b5fa2c4eaddbddcab99101ee589a"", ""c02d65544f4b09ec7b1fa8ca3e5e15204fdd1795"", ""c2b2356f0f3b1143f444b6e8120567b343d729cc"", ""ce1865558f2929bb98bcf1450a297244be3fbb06"", ""d65459355d32c58116293e4f6cce8a759b6d67f5"", ""d928e3bb438c8fa266b8700f3d4b2709c72bd7ee"", ""f19906905ecd5db8ea9d65fc0a6d80dbd0f798cb"", ""fc120558109cc0d36c1bee5ae25bce69d4702311"", ""192eaacabaecbe09ee3ee59d935f0d3ab2d86a02"", ""5866685bcbe463804d3efa4fb258029bf961207a"", ""987ade16137d70327f87ab16fcf3fc874681eba4"", ""14a623cc7cae72b22210b2f44a8b8a9d3f09e85f"", ""44df34502dee4a2af0a264dfe0047ff8e82be4ab"", ""50b8fd902d32fca1ed43570b89b6e097dd4e9fae"", ""5cf9b48f0411fadf42905537294e7db841c6a628"", ""893289b52cf06c6f3c02548f549ebc68e4281380"", ""969d6592c5cd201b256d15e2453193b8064126f1""]","[""777706cf1432bcd9bbd0ff1d145469d038b76fd3"", ""bee209c217c6b5fa2c4eaddbddcab99101ee589a"", ""0c2d38575541a8dada750da08698d78e75a4d3f0"", ""2298c43c00492de67ad920a395d3ec7a8c8fb722"", ""d65459355d32c58116293e4f6cce8a759b6d67f5"", ""546e43d639eb9d7eceb46aa966b8a592b187b12c"", ""95957dd6350042cf04715f42d75a708d22bd4af1"", ""11ba78598b25840b5e415e7410b8df4b75c964c5"", ""6811df91487bd977d74d60b43af798e9970e5d69"", ""9b05c92e3f87af186de2ebdf43ebe8f297b41572"", ""24428a1548324e06268c9174e358e22e9559801b"", ""987ade16137d70327f87ab16fcf3fc874681eba4"", ""83b8764ca1faecb6f984a4cf8703eaad75501f8a"", ""1b08404c005806083a5443603d98c10c5510ee70"", ""063c138d4ad746588a85c0be70cc1c5c75854e87"", ""7c15f6097d77ab2db98c6795b04474308f770536"", ""d928e3bb438c8fa266b8700f3d4b2709c72bd7ee"", ""3fd6771aa6fbbc5afe81722f5d39ce0c171019cd"", ""43b64835145b64f3346d6298de67754019b36df8"", ""77e0dc1182db2bdd7d3a4d09b5c1a7b3b912191b"", ""2976159836a41160b0a462b26c952968c19a7923"", ""8053109fcb999ee4c2f8a060048b83dbfe4eed81""]","[""063c138d4ad746588a85c0be70cc1c5c75854e87"", ""0c2d38575541a8dada750da08698d78e75a4d3f0"", ""11ba78598b25840b5e415e7410b8df4b75c964c5"", ""14a623cc7cae72b22210b2f44a8b8a9d3f09e85f"", ""17b6c1045af4a5e5e2c465dded80f53ff5695df5"", ""192eaacabaecbe09ee3ee59d935f0d3ab2d86a02"", ""1b08404c005806083a5443603d98c10c5510ee70"", ""2298c43c00492de67ad920a395d3ec7a8c8fb722"", ""24428a1548324e06268c9174e358e22e9559801b"", ""25fde2c3d0c01acd97eb967b5903f6336c57b6ae"", ""2976159836a41160b0a462b26c952968c19a7923"", ""2e24923ec49954fa4d4b17f56f3d26c10265a51b"", ""3fd6771aa6fbbc5afe81722f5d39ce0c171019cd"", ""43b64835145b64f3346d6298de67754019b36df8"", ""44df34502dee4a2af0a264dfe0047ff8e82be4ab"", ""46a24e9e98968ea9d3bfa50853be92e35d857f8e"", ""50b8fd902d32fca1ed43570b89b6e097dd4e9fae"", ""546e43d639eb9d7eceb46aa966b8a592b187b12c"", ""5866685bcbe463804d3efa4fb258029bf961207a"", ""5cf9b48f0411fadf42905537294e7db841c6a628"", ""6811df91487bd977d74d60b43af798e9970e5d69"", ""7602f5d2dbef63b01a09845e5f322ad810ce7431"", ""777706cf1432bcd9bbd0ff1d145469d038b76fd3"", ""77e0dc1182db2bdd7d3a4d09b5c1a7b3b912191b"", ""7c15f6097d77ab2db98c6795b04474308f770536"", ""8053109fcb999ee4c2f8a060048b83dbfe4eed81"", ""82db5cd7599e76c1f0c6e8dda5f420865e32f4e7"", ""83b8764ca1faecb6f984a4cf8703eaad75501f8a"", ""859a8f570b718d332f3f3814fc621280ae0f077e"", ""893289b52cf06c6f3c02548f549ebc68e4281380"", ""94c83a7fe23cb17431994dd0f02d5f38c321630b"", ""95957dd6350042cf04715f42d75a708d22bd4af1"", ""969d6592c5cd201b256d15e2453193b8064126f1"", ""987ade16137d70327f87ab16fcf3fc874681eba4"", ""9b05c92e3f87af186de2ebdf43ebe8f297b41572"", ""bbb83ef00b9fb130f94ada7293ee1f429c6bf755"", ""bee209c217c6b5fa2c4eaddbddcab99101ee589a"", ""c02d65544f4b09ec7b1fa8ca3e5e15204fdd1795"", ""c2b2356f0f3b1143f444b6e8120567b343d729cc"", ""ce1865558f2929bb98bcf1450a297244be3fbb06"", ""d65459355d32c58116293e4f6cce8a759b6d67f5"", ""d928e3bb438c8fa266b8700f3d4b2709c72bd7ee"", ""f19906905ecd5db8ea9d65fc0a6d80dbd0f798cb"", ""fc120558109cc0d36c1bee5ae25bce69d4702311""]","[""transcript-2026-04-18-1-26-AddAppleScriptSupport"", ""transcript-2026-04-20-1-26-AddAppleScriptSupport"", ""transcript-2026-04-21-1-26-AddAppleScriptSupport"", ""transcript-2026-04-22-1-26-AddAppleScriptSupport"", ""transcript-2026-04-22-2-26-AddAppleScriptSupport"", ""transcript-2026-04-23-1-26-AddAppleScriptSupport"", ""transcript-2026-04-23-2-26-AddAppleScriptSupport"", ""transcript-2026-04-24-1-26-AddAppleScriptSupport"", ""transcript-2026-04-28-1-26-AddAppleScriptSupport"", ""transcript-2026-04-28-2-26-AddAppleScriptSupport"", ""transcript-2026-04-29-1-26-AddAppleScriptSupport"", ""transcript-2026-04-29-2-26-AddAppleScriptSupport"", ""transcript-2026-04-30-1-26-AddAppleScriptSupport"", ""transcript-2026-04-30-2-26-AddAppleScriptSupport"", ""transcript-2026-05-01-1-26-AddAppleScriptSupport"", ""transcript-2026-05-02-1-26-AddAppleScriptSupport"", ""transcript-2026-05-02-2-26-AddAppleScriptSupport"", ""transcript-2026-05-03-1-26-AddAppleScriptSupport"", ""transcript-2026-05-03-2-26-AddAppleScriptSupport"", ""transcript-2026-05-04-1-26-AddAppleScriptSupport"", ""transcript-2026-05-07-1-26-AddAppleScriptSupport"", ""transcript-2026-05-10-1-26-AddAppleScriptSupport"", ""transcript-2026-05-18-1-28-AddSwiftTagUseDocumentation"", ""transcript-2026-05-20-1-MakePictureFix""]","[""applescript""]",377,47,330,210.6341463414634,5300.670147112328,10611.0,5737.5,1975.5,105544.0,553458.0,659002.0,64725.0,594277.0,84.0,"{""assistant_processing_time"": 64725.0, ""back_and_forth_count"": 84.0, ""code_lines"": 10611.0, ""elapsed_time"": 659002.0, ""plan_lines"": 330, ""transcript_lines"": 5511.304293453792}",98.18,Very High,1.0,2026-04-18,2026-05-20,1.0,0
27,Track Tags Refactor Plan,27,1,"[""27-TrackTagsRefactor""]","[""Docs/Plans/27-TrackTagsRefactor.md""]",27-TrackTagsRefactor,Docs/Plans/27-TrackTagsRefactor.md,280,987ade16137d70327f87ab16fcf3fc874681eba4,[],"[""987ade16137d70327f87ab16fcf3fc874681eba4"", ""ce1865558f2929bb98bcf1450a297244be3fbb06""]","[""987ade16137d70327f87ab16fcf3fc874681eba4""]","[""987ade16137d70327f87ab16fcf3fc874681eba4"", ""ce1865558f2929bb98bcf1450a297244be3fbb06""]","[""transcript-2026-04-30-1-26-AddAppleScriptSupport""]","[""tags""]",280,0,280,69.16129032258064,65.03225806451613,111.5,187.5,0.0,2650.0,616.0,3266.0,1069.0,2197.0,3.0,"{""assistant_processing_time"": 1069.0, ""back_and_forth_count"": 3.0, ""code_lines"": 111.5, ""elapsed_time"": 3266.0, ""plan_lines"": 280, ""transcript_lines"": 134.19354838709677}",22.58,Low,1.0,2026-04-29,2026-04-30,1.0,0
28,Add SwiftTag Use Documentation Plan,28,1,"[""28-AddSwiftTagUseDocumentation""]","[""Docs/Plans/28-AddSwiftTagUseDocumentation.md""]",28-AddSwiftTagUseDocumentation,Docs/Plans/28-AddSwiftTagUseDocumentation.md,683,452263137775f01b3d4877c28d37aad4dce7884d,"[""8053109fcb999ee4c2f8a060048b83dbfe4eed81"", ""a3d4895796afa545efc1d3c39379220da2c616f3"", ""7a19911399e2e3a8b7ff2d239319a658e793346c"", ""477665910577c41766377204a1abfc8cc7f0dd6d""]","[""11e4877420c3dc760f9be803b2734ea34a2031e0"", ""14a623cc7cae72b22210b2f44a8b8a9d3f09e85f"", ""32babc084a6572ee51a860f636b385d6870c2b90"", ""44df34502dee4a2af0a264dfe0047ff8e82be4ab"", ""452263137775f01b3d4877c28d37aad4dce7884d"", ""50b8fd902d32fca1ed43570b89b6e097dd4e9fae"", ""5c2ab0a3ba722d5fdc139615b6eb55902237162d"", ""5cf9b48f0411fadf42905537294e7db841c6a628"", ""604d139ad72b08a404092b8812a0130678f53984"", ""893289b52cf06c6f3c02548f549ebc68e4281380"", ""9273900261be4959eb466c7c8dd5bce9283d6da8"", ""969d6592c5cd201b256d15e2453193b8064126f1"", ""c1df562489d39bf6608f3053706fc038844b482c"", ""e096ded126a62938d4627bd1205b32a0e30c77b0"", ""f156647a0d461ef4ed0ad7411cf1f1a4da51b3d4"", ""fdfa298ddbbdc77c6301d6f700b3f922d82f9d27"", ""c2b2356f0f3b1143f444b6e8120567b343d729cc""]","[""452263137775f01b3d4877c28d37aad4dce7884d"", ""11e4877420c3dc760f9be803b2734ea34a2031e0"", ""893289b52cf06c6f3c02548f549ebc68e4281380"", ""e534c8366925af29f7c8f9ab67a908c5d6941650""]","[""11e4877420c3dc760f9be803b2734ea34a2031e0"", ""14a623cc7cae72b22210b2f44a8b8a9d3f09e85f"", ""32babc084a6572ee51a860f636b385d6870c2b90"", ""44df34502dee4a2af0a264dfe0047ff8e82be4ab"", ""452263137775f01b3d4877c28d37aad4dce7884d"", ""477665910577c41766377204a1abfc8cc7f0dd6d"", ""50b8fd902d32fca1ed43570b89b6e097dd4e9fae"", ""5c2ab0a3ba722d5fdc139615b6eb55902237162d"", ""5cf9b48f0411fadf42905537294e7db841c6a628"", ""604d139ad72b08a404092b8812a0130678f53984"", ""7a19911399e2e3a8b7ff2d239319a658e793346c"", ""8053109fcb999ee4c2f8a060048b83dbfe4eed81"", ""893289b52cf06c6f3c02548f549ebc68e4281380"", ""9273900261be4959eb466c7c8dd5bce9283d6da8"", ""969d6592c5cd201b256d15e2453193b8064126f1"", ""a3d4895796afa545efc1d3c39379220da2c616f3"", ""c1df562489d39bf6608f3053706fc038844b482c"", ""c2b2356f0f3b1143f444b6e8120567b343d729cc"", ""e096ded126a62938d4627bd1205b32a0e30c77b0"", ""f156647a0d461ef4ed0ad7411cf1f1a4da51b3d4"", ""fdfa298ddbbdc77c6301d6f700b3f922d82f9d27""]","[""transcript-2026-05-12-1-28-AddSwiftTagUseDocumentation"", ""transcript-2026-05-13-1-28-AddSwiftTagUseDocumentation"", ""transcript-2026-05-18-1-28-AddSwiftTagUseDocumentation"", ""transcript-2026-05-20-2-28-AddSwiftTagUseDocumentation""]","[""swifttag-document"", ""tags"", ""user-docs""]",695,12,683,39.63636363636363,613.553820412716,31.5,16.0,4978.5,84284.0,249822.0,334106.0,4059.0,330047.0,25.0,"{""assistant_processing_time"": 4059.0, ""back_and_forth_count"": 25.0, ""code_lines"": 31.5, ""elapsed_time"": 334106.0, ""plan_lines"": 683, ""transcript_lines"": 653.1901840490797}",62.27,High,1.0,2026-05-12,2026-05-25,1.0,0
29,Add Sandbox Path Settings Plan,29,1,"[""29-AddSandboxSettings""]","[""Docs/Plans/29-AddSandboxSettings.md""]",29-AddSandboxSettings,Docs/Plans/29-AddSandboxSettings.md,610,82c43c94fe7392a5e5551ef1a311c150006ab0f3,[],"[""82c43c94fe7392a5e5551ef1a311c150006ab0f3""]","[""82c43c94fe7392a5e5551ef1a311c150006ab0f3""]","[""82c43c94fe7392a5e5551ef1a311c150006ab0f3""]","[""transcript-2026-05-15-1-29-AddSandboxSettings""]","[""settings""]",610,0,610,72.02631578947367,165.9736842105263,733.0,302.0,0.0,79290.0,8563.0,87853.0,2176.0,85677.0,6.0,"{""assistant_processing_time"": 2176.0, ""back_and_forth_count"": 6.0, ""code_lines"": 733.0, ""elapsed_time"": 87853.0, ""plan_lines"": 610, ""transcript_lines"": 237.99999999999997}",62.12,High,1.0,2026-05-15,2026-05-16,1.0,0
30,Auto Update Track Total By Disc Plan,30,1,"[""30-AutoUpdateTrackTotalByDisc""]","[""Docs/Plans/30-AutoUpdateTrackTotalByDisc.md""]",30-AutoUpdateTrackTotalByDisc,Docs/Plans/30-AutoUpdateTrackTotalByDisc.md,502,d2843d58d7c77e0470d1b467eacf8a956665e2c9,[],"[""d2843d58d7c77e0470d1b467eacf8a956665e2c9""]","[""d2843d58d7c77e0470d1b467eacf8a956665e2c9""]","[""d2843d58d7c77e0470d1b467eacf8a956665e2c9""]","[""transcript-2026-06-15-1-30-AutoUpdateTrackTotalByDisc""]","[""settings"", ""tags""]",502,0,502,117.12408759124088,166.87591240875912,290.0,224.0,23.0,2204.0,3692.0,5896.0,1401.0,4495.0,6.0,"{""assistant_processing_time"": 1401.0, ""back_and_forth_count"": 6.0, ""code_lines"": 290.0, ""elapsed_time"": 5896.0, ""plan_lines"": 502, ""transcript_lines"": 284.0}",46.36,Moderate,1.0,2026-06-15,2026-06-15,1.0,0
31,Set Track Numbers And Sort Tracks Plan,31,1,"[""31-SetTrackNumbersAndSortTracks""]","[""Docs/Plans/31-SetTrackNumbersAndSortTracks.md""]",31-SetTrackNumbersAndSortTracks,Docs/Plans/31-SetTrackNumbersAndSortTracks.md,446,7228297fdfbf05a87af30e5330fdcdd1e908dd84,[],"[""7228297fdfbf05a87af30e5330fdcdd1e908dd84""]","[""7228297fdfbf05a87af30e5330fdcdd1e908dd84""]","[""7228297fdfbf05a87af30e5330fdcdd1e908dd84""]","[""transcript-2026-06-16-1-31-AddTrackSortAndNumbering""]","[""tags""]",446,0,446,103.3612334801762,133.63876651982378,453.0,447.0,83.0,48886.0,30868.0,79754.0,1959.0,77795.0,4.0,"{""assistant_processing_time"": 1959.0, ""back_and_forth_count"": 4.0, ""code_lines"": 453.0, ""elapsed_time"": 79754.0, ""plan_lines"": 446, ""transcript_lines"": 236.99999999999997}",52.42,High,1.0,2026-06-16,2026-06-17,1.0,0
32,Auto Update Disc Total Plan,32,1,"[""32-AutoUpdateDiscTotal""]","[""Docs/Plans/32-AutoUpdateDiscTotal.md""]",32-AutoUpdateDiscTotal,Docs/Plans/32-AutoUpdateDiscTotal.md,487,88d09498e62eed6f088450eb0cf1ec3129a7ad34,[],"[""88d09498e62eed6f088450eb0cf1ec3129a7ad34""]","[""88d09498e62eed6f088450eb0cf1ec3129a7ad34""]","[""88d09498e62eed6f088450eb0cf1ec3129a7ad34""]","[""transcript-2026-06-17-1-32-AutoUpdateDiscTotal""]","[""settings"", ""tags""]",487,0,487,85.2156862745098,179.78431372549022,189.0,262.0,26.0,1667.0,3330.0,4997.0,1250.0,3747.0,5.0,"{""assistant_processing_time"": 1250.0, ""back_and_forth_count"": 5.0, ""code_lines"": 189.0, ""elapsed_time"": 4997.0, ""plan_lines"": 487, ""transcript_lines"": 265.0}",36.97,Moderate,1.0,2026-06-17,2026-06-17,1.0,0
33,Add Track File Rename Plan,33,1,"[""33-AddTrackFileRename""]","[""Docs/Plans/33-AddTrackFileRename.md""]",33-AddTrackFileRename,Docs/Plans/33-AddTrackFileRename.md,982,29444d740b06ee147a5690f1070d56abfa8be162,[],"[""29444d740b06ee147a5690f1070d56abfa8be162""]","[""29444d740b06ee147a5690f1070d56abfa8be162""]","[""29444d740b06ee147a5690f1070d56abfa8be162""]","[""transcript-2026-06-18-1-33-AddTrackFileRename""]","[""tags""]",982,0,982,136.9094766619519,580.0905233380481,1350.0,418.0,39.0,73092.0,35614.0,108706.0,3388.0,105318.0,10.0,"{""assistant_processing_time"": 3388.0, ""back_and_forth_count"": 10.0, ""code_lines"": 1350.0, ""elapsed_time"": 108706.0, ""plan_lines"": 982, ""transcript_lines"": 717.0}",78.79,Very High,1.0,2026-06-18,2026-06-19,1.0,0
