commit_hash,short_hash,theme_ids,theme_count,coverage_state
2c8445cbde7892ceff58fb58780a79278bcf7d6e,2c8445c,"[""project"", ""tags""]",2,assigned
639e6a21c2fa231ef59f0c8aab3d67494a0bce8a,639e6a2,"[""project"", ""settings"", ""tags""]",3,assigned
43285ad34d978291d76ea1cfbeac822c7e09b4d2,43285ad,"[""tags""]",1,assigned
8f7481796eca68b823fc7aec209bbb51293c7feb,8f74817,"[""picture"", ""tags""]",2,assigned
2781d736d1d22465c49e505f1fdfa9810b4f5107,2781d73,"[""applescript"", ""picture"", ""tags""]",3,assigned
dad9d6e302f63b22f383f5f07d99ec48bade1acc,dad9d6e,"[""applescript"", ""tags""]",2,assigned
4fd2b5edcbc462961a46e931d880917e5f3470ba,4fd2b5e,"[""tags""]",1,assigned
0c4e80ab485f4ddfd5292c23962ece5bce8ebb9d,0c4e80a,"[""tags""]",1,assigned
6f2967d87599d562749e274f56e19ecd000bc610,6f2967d,"[""save"", ""tags""]",2,assigned
ee7e8faab965a7c2c39bc3ec3f698594d9ce8101,ee7e8fa,"[""tags""]",1,assigned
6cf4772cd3482a0a7ca38f2f613ca64a86da22a1,6cf4772,"[""applescript"", ""flac-lib"", ""tags""]",3,assigned
1fcd08274065e59e148cb05d16e592e98f02bced,1fcd082,"[""applescript"", ""flac-lib"", ""tags""]",3,assigned
4f1e2732dc317203bf9fd6f998fe4946be3a760c,4f1e273,"[""flac-lib"", ""tags""]",2,assigned
e382ae31861176bf220f87c7e380b5162331e490,e382ae3,"[""applescript"", ""picture"", ""save"", ""tags""]",4,assigned
c965c3feb354452704670af683ab541da3c43f71,c965c3f,"[""applescript"", ""tags""]",2,assigned
2302109d0c43a41cb71c36e47cf2b4b8973a63d6,2302109,"[""tags""]",1,assigned
b5b4f12719bcc1df96078cbbc79157c47985e637,b5b4f12,"[""tags""]",1,assigned
f80a21a0f9e9c0b21edf1637deb0e07fb89efc1e,f80a21a,"[""tags""]",1,assigned
9fea9987c80b7709896d6a46e750b0a0c7925c30,9fea998,"[""project""]",1,assigned
a28886ff5fcb92bf016b563a5df7785225f80a77,a28886f,"[""project"", ""tags""]",2,assigned
f400158d420b3d62590a7863231b3f4fe603006b,f400158,"[""applescript"", ""picture"", ""save"", ""settings"", ""tags""]",5,assigned
a76f2110c364943a6a2b000cd575807b8f75a6e6,a76f211,"[""project"", ""tags""]",2,assigned
6c669809df69c8e7566517df27f84cd4ac85cb37,6c66980,"[""project"", ""tags""]",2,assigned
94e847e6468708e93ad725939b662235d58aaa17,94e847e,"[""tags""]",1,assigned
bae266f0f97e4d7e264cc54628bfaf3cc70a78f7,bae266f,"[""applescript"", ""flac-lib"", ""picture"", ""tags""]",4,assigned
27b32d888ac16fcaa31f6735b29d960131a8315c,27b32d8,"[""flac-lib"", ""picture"", ""save"", ""settings"", ""tags""]",5,assigned
f7f7e4be43044e840ea69ce6c03d1217b38913ad,f7f7e4b,"[""project"", ""tags""]",2,assigned
5b61279eb659afad29d7c0e59eac297dc9b0505b,5b61279,"[""settings"", ""tags""]",2,assigned
004751dd893b3e1b96ba2e42f9a63fc000d75663,004751d,"[""project""]",1,assigned
645232c9f5fdbcd436cd208763553a0f163d3f77,645232c,"[""save""]",1,assigned
315dd772a284932ebaf5b599e41c6f6dd911a4e4,315dd77,"[""project""]",1,assigned
e031a26f031d038fcc430fb7057600f67102ccbe,e031a26,"[""project""]",1,assigned
80b722ee0e77887149ebfd307538cac12a5907c3,80b722e,"[""applescript"", ""picture"", ""save"", ""settings"", ""swifttag-document"", ""tags""]",6,assigned
fa93fee5de699542d9c5b51f16ffc9acac505d9c,fa93fee,"[""applescript"", ""tags""]",2,assigned
c499b7aead381ce46c275a2b7e1571e2a49a4cc8,c499b7a,"[""picture"", ""project"", ""swifttag-document""]",3,assigned
e0cd7da70c303f9524054cf6e150d7fbfca3d9d1,e0cd7da,"[""applescript"", ""diff"", ""picture"", ""save"", ""tags""]",5,assigned
c56695645a5579bac37f1f716650754ccc5750a1,c566956,"[""applescript"", ""diff"", ""picture"", ""tags""]",4,assigned
2d3e003b9689d477939ba8543f037de2cf8068c5,2d3e003,"[""diff""]",1,assigned
ae13badc1a2a880e7b374fa67010992d398fa737,ae13bad,"[""diff"", ""picture"", ""project"", ""save"", ""tags""]",5,assigned
d4f65729d1e61f20ac1eaf10d9e5b13db612d6b9,d4f6572,"[""project""]",1,assigned
94246bbd4bebc8a284577f2d68b82ff5db235599,94246bb,"[""applescript"", ""diff""]",2,assigned
ac28a73112d2a5170ee56f4f05fe6081f4376eb6,ac28a73,"[""applescript"", ""diff"", ""save"", ""settings"", ""swifttag-document"", ""tags""]",6,assigned
32d8411d0d981716488a64b235fa1c25240b90ba,32d8411,"[""applescript"", ""diff"", ""settings"", ""tags""]",4,assigned
83083cbcdf9667c18e3a5c3c11c66d2cfa24f4a6,83083cb,"[""diff"", ""settings"", ""tags""]",3,assigned
0d268f9dbda719319837ad31711eb87f9f166499,0d268f9,"[""applescript"", ""diff"", ""settings"", ""tags""]",4,assigned
4f2a9e8f1b624f200c4d62747f38f83200dbaf88,4f2a9e8,"[""diff"", ""project"", ""tags""]",3,assigned
472c0f02b8c8e431c30a0e342fa8aee4bd3f6b63,472c0f0,"[""save"", ""settings"", ""tags""]",3,assigned
68f7c7b1c66c1a7acd0564610efe03ceff89180b,68f7c7b,"[""diff"", ""save"", ""settings"", ""swifttag-document"", ""tags""]",5,assigned
b1c99ff0e11dc7d38d78a51a328115010a433f80,b1c99ff,"[""applescript""]",1,assigned
07da732fae63f277c83cb54cf56698ac80e2c851,07da732,"[""project"", ""tags""]",2,assigned
9e1ce62bf296678be8aa16075285d1f9e0cb453c,9e1ce62,"[""applescript"", ""diff"", ""flac-lib"", ""picture"", ""save"", ""settings"", ""tags""]",7,assigned
1e4ea8e60ed212c41a1f3f43a972ccad5855a07a,1e4ea8e,"[""diff"", ""picture"", ""tags""]",3,assigned
68e340f508e0f0f5b0ac2fbbcae259abf6155b6e,68e340f,"[""applescript"", ""diff"", ""picture"", ""swifttag-document"", ""tags""]",5,assigned
b4593bad7a73d4737a89fa81f52b0a0c853f2bce,b4593ba,"[""applescript"", ""diff"", ""picture"", ""save"", ""settings"", ""tags""]",6,assigned
f36a117c021f535e956e2d1722625465cd66b2f3,f36a117,"[""applescript"", ""diff"", ""picture"", ""tags""]",4,assigned
2c3898c5b9fee3c3eefa3367c3219b2f4dbd2974,2c3898c,"[""applescript"", ""picture"", ""save"", ""tags""]",4,assigned
ce82bfb0ed6ae71f4fa52b159af692e3b74fe2c7,ce82bfb,"[""applescript"", ""diff"", ""picture"", ""save"", ""tags""]",5,assigned
2aee7213d2467ac765cf2f834b3e8b0a5409064e,2aee721,"[""applescript"", ""diff"", ""picture"", ""settings"", ""tags""]",5,assigned
a0438824397c29c96ca6c63b48ef501b5d63dffe,a043882,"[""applescript"", ""diff"", ""flac-lib"", ""picture"", ""save"", ""tags""]",6,assigned
bba775b507acd848d8bea0c67609752e0d812194,bba775b,"[""applescript"", ""diff"", ""flac-lib"", ""picture"", ""project"", ""swifttag-document"", ""tags""]",7,assigned
da7b04f7563351b6c4c0883dbcbc16a5e081336a,da7b04f,"[""applescript"", ""diff"", ""flac-lib"", ""save"", ""settings"", ""tags""]",6,assigned
90ef077070ed157959eed236c4a5edfc023423b8,90ef077,"[""applescript"", ""diff"", ""save"", ""settings"", ""tags""]",5,assigned
866d179e6bed7ea2133bcda6ef1ea9f2f91c5a15,866d179,"[""project"", ""save"", ""swifttag-document"", ""tags""]",4,assigned
1276536d7ce542d757187ed8e2a7a229c6741847,1276536,"[""diff"", ""flac-lib"", ""picture"", ""save"", ""swifttag-document"", ""tags""]",6,assigned
bf6d257c8a9a96ec6846d3cac38bd49afd54f83a,bf6d257,"[""applescript"", ""picture"", ""swifttag-document"", ""tags""]",4,assigned
c0f71285faefcb501480a4ad69f63e5e7dc0df1e,c0f7128,"[""project"", ""swifttag-document"", ""tags""]",3,assigned
1c2bb82cfcda4a8e4043b7e883e42928b18064cf,1c2bb82,"[""applescript"", ""save"", ""swifttag-document"", ""tags""]",4,assigned
633671ae999d222fba32fde71594440b8b367350,633671a,"[""applescript"", ""save"", ""swifttag-document"", ""tags""]",4,assigned
d0fca7dec639c9bd9845c8efb59147ccd1016e26,d0fca7d,"[""applescript"", ""diff"", ""save"", ""swifttag-document"", ""tags""]",5,assigned
bc1eaf01993b5f6ef2cc64eef0f6dd4fe66824de,bc1eaf0,"[""applescript"", ""diff"", ""swifttag-document"", ""tags""]",4,assigned
575c54bdaeb6d9eda3326eedccc6e2395422094e,575c54b,"[""applescript"", ""diff"", ""picture"", ""save"", ""settings"", ""swifttag-document"", ""tags""]",7,assigned
41e60a87d8b66f2a9ba012f5c5d11b525ab7c759,41e60a8,"[""applescript"", ""diff"", ""picture"", ""save"", ""swifttag-document"", ""tags""]",6,assigned
a41be8a2ef85b234f33f4003a47fd3d0117b6e83,a41be8a,"[""applescript"", ""picture"", ""project"", ""save"", ""swifttag-document"", ""tags""]",6,assigned
19369540b1a2f92b3ab4fd1cedb4db7cefe41498,1936954,"[""applescript"", ""diff"", ""picture"", ""project"", ""swifttag-document"", ""tags""]",6,assigned
ac6148bb93aa6651ba5884d968f1821e107eef34,ac6148b,"[""applescript"", ""diff"", ""save"", ""swifttag-document"", ""tags""]",5,assigned
ec63010015b0d8b4b08f578fb82c8526ce872cc6,ec63010,"[""applescript"", ""diff"", ""flac-lib"", ""picture"", ""save"", ""swifttag-document"", ""tags""]",7,assigned
126cc0a4b597443b882c65566c53e996d2cc62d2,126cc0a,"[""picture"", ""save"", ""swifttag-document"", ""tags""]",4,assigned
27b4d85ec22c4165acb415ef3929bd10d4c35202,27b4d85,"[""applescript"", ""picture"", ""save"", ""settings"", ""swifttag-document"", ""tags""]",6,assigned
e34aa24684bc1f8934df624b380e976c55c09dc0,e34aa24,"[""save"", ""settings"", ""tags""]",3,assigned
603c07621916ecd47e1a9faee08d8c32cd6eebdf,603c076,"[""applescript"", ""picture"", ""save"", ""swifttag-document"", ""tags""]",5,assigned
92460554b47e6062390266578964fe59fd5af784,9246055,"[""applescript"", ""diff"", ""save"", ""tags""]",4,assigned
096d27739611fe6d978a8e683283c1ec3de7c030,096d277,"[""save"", ""swifttag-document"", ""tags""]",3,assigned
ea17789b68f2441b900707719032349f6b2aad75,ea17789,"[""save"", ""swifttag-document"", ""tags""]",3,assigned
561817a4bca220d705273d6744f1e5756cec418f,561817a,"[""applescript"", ""picture"", ""save"", ""swifttag-document"", ""tags""]",5,assigned
3c4cfff64ee127631152a551713977c1ad5a40dd,3c4cfff,"[""applescript"", ""project"", ""swifttag-document"", ""tags""]",4,assigned
4e470f0885282d2dfa9bcfc38252ea229589132c,4e470f0,"[""applescript"", ""diff"", ""picture"", ""save"", ""swifttag-document"", ""tags""]",6,assigned
454258cb9db98ff57199e91810c74d771038a613,454258c,"[""save"", ""swifttag-document"", ""tags""]",3,assigned
cfba5a1a7b93b8e01d1e1b806a8db413e207ae55,cfba5a1,"[""applescript"", ""swifttag-document"", ""tags""]",3,assigned
29c8eed7decacebe51ab53c9150e9b5b86cd9f3b,29c8eed,"[""applescript"", ""diff"", ""picture"", ""tags""]",4,assigned
78b870c79708a25f71251242e16deec289711c28,78b870c,"[""applescript"", ""flac-lib"", ""picture"", ""tags""]",4,assigned
75f43d8c150b372bc6602d8a7a6e7e013429e880,75f43d8,"[""tags""]",1,assigned
f195e03db1cd290792f99f8b880bb69995e28921,f195e03,"[""applescript"", ""flac-lib"", ""picture"", ""save"", ""swifttag-document"", ""tags""]",6,assigned
b70f6625e06280784004190bcabafe04c96086d3,b70f662,"[""applescript"", ""diff"", ""flac-lib"", ""save"", ""settings"", ""swifttag-document"", ""tags""]",7,assigned
fa39eb8476a30b608351962f31e7e6868495c9eb,fa39eb8,"[""swifttag-document"", ""tags""]",2,assigned
36c5b18642e6568ca15e897dcae9132a6907e9db,36c5b18,"[""applescript"", ""diff"", ""picture"", ""save"", ""swifttag-document"", ""tags""]",6,assigned
4a07659704ab091a117b882a027635c12af8294c,4a07659,"[""applescript"", ""diff"", ""picture"", ""tags""]",4,assigned
0539816b5ba23a6e25ff44d6be08444b0f8dd6c7,0539816,"[""applescript"", ""diff"", ""picture"", ""save"", ""tags""]",5,assigned
352ff8c562657dc7ed4c0171d4448bdda0bec559,352ff8c,"[""applescript"", ""diff"", ""picture"", ""save"", ""swifttag-document"", ""tags""]",6,assigned
f23c8a089f6d5549a597e0635ff808b203a25766,f23c8a0,"[""applescript"", ""diff"", ""picture"", ""save"", ""swifttag-document"", ""tags""]",6,assigned
759876b5751c03c882cad89d885311f3073fe8cc,759876b,"[""picture"", ""project"", ""swifttag-document"", ""tags""]",4,assigned
192eaacabaecbe09ee3ee59d935f0d3ab2d86a02,192eaac,"[""applescript"", ""tags""]",2,assigned
777706cf1432bcd9bbd0ff1d145469d038b76fd3,777706c,"[""applescript"", ""save"", ""swifttag-document"", ""tags""]",4,assigned
bee209c217c6b5fa2c4eaddbddcab99101ee589a,bee209c,"[""applescript"", ""picture"", ""tags""]",3,assigned
5866685bcbe463804d3efa4fb258029bf961207a,5866685,"[""flac-lib"", ""save"", ""swifttag-document"", ""tags""]",4,assigned
859a8f570b718d332f3f3814fc621280ae0f077e,859a8f5,"[""applescript"", ""flac-lib"", ""picture"", ""save"", ""swifttag-document"", ""tags""]",6,assigned
0c2d38575541a8dada750da08698d78e75a4d3f0,0c2d385,"[""applescript"", ""swifttag-document"", ""tags""]",3,assigned
2298c43c00492de67ad920a395d3ec7a8c8fb722,2298c43,"[""applescript"", ""tags""]",2,assigned
d65459355d32c58116293e4f6cce8a759b6d67f5,d654593,"[""applescript"", ""save"", ""settings"", ""swifttag-document"", ""tags""]",5,assigned
546e43d639eb9d7eceb46aa966b8a592b187b12c,546e43d,"[""applescript"", ""picture"", ""project"", ""tags""]",4,assigned
c02d65544f4b09ec7b1fa8ca3e5e15204fdd1795,c02d655,"[""applescript"", ""tags""]",2,assigned
95957dd6350042cf04715f42d75a708d22bd4af1,95957dd,"[""applescript"", ""save"", ""settings"", ""swifttag-document"", ""tags""]",5,assigned
d42524c80ead7c678062531b1a7e72fe58e29d72,d42524c,"[""applescript"", ""project"", ""tags""]",3,assigned
d433bba53b6179aaaf82904aa26a22b18eba3bf0,d433bba,"[""applescript"", ""tags""]",2,assigned
11ba78598b25840b5e415e7410b8df4b75c964c5,11ba785,"[""applescript"", ""picture"", ""tags""]",3,assigned
6811df91487bd977d74d60b43af798e9970e5d69,6811df9,"[""applescript"", ""picture"", ""tags""]",3,assigned
9b05c92e3f87af186de2ebdf43ebe8f297b41572,9b05c92,"[""applescript"", ""picture"", ""save"", ""swifttag-document"", ""tags""]",5,assigned
46a24e9e98968ea9d3bfa50853be92e35d857f8e,46a24e9,"[""applescript"", ""picture"", ""tags""]",3,assigned
bbb83ef00b9fb130f94ada7293ee1f429c6bf755,bbb83ef,"[""applescript"", ""picture"", ""tags""]",3,assigned
24428a1548324e06268c9174e358e22e9559801b,24428a1,"[""applescript"", ""picture"", ""swifttag-document"", ""tags""]",4,assigned
ce1865558f2929bb98bcf1450a297244be3fbb06,ce18655,"[""applescript"", ""picture"", ""tags""]",3,assigned
987ade16137d70327f87ab16fcf3fc874681eba4,987ade1,"[""applescript"", ""picture"", ""swifttag-document"", ""tags""]",4,assigned
c6c7c445aae308a598d41e9f839c9bfd0e495e88,c6c7c44,"[""project"", ""tags""]",2,assigned
83b8764ca1faecb6f984a4cf8703eaad75501f8a,83b8764,"[""applescript"", ""picture"", ""swifttag-document"", ""tags""]",4,assigned
17b6c1045af4a5e5e2c465dded80f53ff5695df5,17b6c10,"[""applescript"", ""diff"", ""picture"", ""save"", ""settings"", ""tags""]",6,assigned
1b08404c005806083a5443603d98c10c5510ee70,1b08404,"[""applescript"", ""diff"", ""settings"", ""tags""]",4,assigned
063c138d4ad746588a85c0be70cc1c5c75854e87,063c138,"[""applescript"", ""diff"", ""picture"", ""save"", ""settings"", ""tags""]",6,assigned
7c15f6097d77ab2db98c6795b04474308f770536,7c15f60,"[""applescript"", ""picture"", ""tags""]",3,assigned
d928e3bb438c8fa266b8700f3d4b2709c72bd7ee,d928e3b,"[""applescript"", ""picture"", ""settings"", ""tags""]",4,assigned
3fd6771aa6fbbc5afe81722f5d39ce0c171019cd,3fd6771,"[""applescript"", ""picture"", ""save"", ""swifttag-document"", ""tags""]",5,assigned
2e24923ec49954fa4d4b17f56f3d26c10265a51b,2e24923,"[""applescript"", ""picture"", ""tags""]",3,assigned
43b64835145b64f3346d6298de67754019b36df8,43b6483,"[""applescript"", ""picture"", ""swifttag-document"", ""tags""]",4,assigned
380be212ade022a481997efbb4051584360a9b92,380be21,"[""applescript"", ""picture"", ""tags""]",3,assigned
fc120558109cc0d36c1bee5ae25bce69d4702311,fc12055,"[""applescript"", ""picture"", ""swifttag-document"", ""tags""]",4,assigned
25fde2c3d0c01acd97eb967b5903f6336c57b6ae,25fde2c,"[""applescript"", ""picture"", ""tags""]",3,assigned
94c83a7fe23cb17431994dd0f02d5f38c321630b,94c83a7,"[""applescript"", ""picture"", ""settings"", ""tags""]",4,assigned
77e0dc1182db2bdd7d3a4d09b5c1a7b3b912191b,77e0dc1,"[""applescript"", ""picture"", ""swifttag-document"", ""tags""]",4,assigned
f19906905ecd5db8ea9d65fc0a6d80dbd0f798cb,f199069,"[""applescript"", ""diff"", ""picture"", ""save"", ""swifttag-document"", ""tags""]",6,assigned
82db5cd7599e76c1f0c6e8dda5f420865e32f4e7,82db5cd,"[""applescript"", ""diff"", ""picture"", ""tags""]",4,assigned
2976159836a41160b0a462b26c952968c19a7923,2976159,"[""applescript"", ""diff"", ""picture"", ""tags""]",4,assigned
452263137775f01b3d4877c28d37aad4dce7884d,4522631,"[""applescript"", ""diff"", ""picture"", ""save"", ""settings"", ""swifttag-document"", ""tags"", ""user-docs""]",8,assigned
7334db00fd1f68b65e90267ef0cde394804255cb,7334db0,"[""diff"", ""picture"", ""swifttag-document"", ""user-docs""]",4,assigned
f156647a0d461ef4ed0ad7411cf1f1a4da51b3d4,f156647,"[""diff"", ""picture"", ""settings"", ""swifttag-document"", ""tags"", ""user-docs""]",6,assigned
9273900261be4959eb466c7c8dd5bce9283d6da8,9273900,"[""settings"", ""swifttag-document"", ""tags"", ""user-docs""]",4,assigned
fdfa298ddbbdc77c6301d6f700b3f922d82f9d27,fdfa298,"[""picture"", ""settings"", ""swifttag-document"", ""tags"", ""user-docs""]",5,assigned
32babc084a6572ee51a860f636b385d6870c2b90,32babc0,"[""swifttag-document"", ""tags"", ""user-docs""]",3,assigned
11e4877420c3dc760f9be803b2734ea34a2031e0,11e4877,"[""applescript"", ""swifttag-document"", ""tags"", ""user-docs""]",4,assigned
82c43c94fe7392a5e5551ef1a311c150006ab0f3,82c43c9,"[""applescript"", ""save"", ""settings"", ""swifttag-document"", ""tags""]",5,assigned
c2b2356f0f3b1143f444b6e8120567b343d729cc,c2b2356,"[""applescript"", ""flac-lib"", ""settings"", ""tags""]",4,assigned
2d385f97d2b5097ff8ecaaefb442f64c3739da39,2d385f9,"[""swifttag-document"", ""tags"", ""user-docs""]",3,assigned
969d6592c5cd201b256d15e2453193b8064126f1,969d659,"[""applescript"", ""save"", ""swifttag-document"", ""user-docs""]",4,assigned
5cf9b48f0411fadf42905537294e7db841c6a628,5cf9b48,"[""applescript"", ""picture"", ""save"", ""settings"", ""swifttag-document"", ""user-docs""]",6,assigned
50b8fd902d32fca1ed43570b89b6e097dd4e9fae,50b8fd9,"[""diff"", ""settings"", ""swifttag-document"", ""user-docs""]",4,assigned
44df34502dee4a2af0a264dfe0047ff8e82be4ab,44df345,"[""applescript"", ""swifttag-document"", ""user-docs""]",3,assigned
14a623cc7cae72b22210b2f44a8b8a9d3f09e85f,14a623c,"[""applescript"", ""swifttag-document"", ""user-docs""]",3,assigned
5944288d9bd94e8186dd374b0aec6090ad90fc96,5944288,"[""applescript"", ""picture"", ""swifttag-document"", ""user-docs""]",4,assigned
893289b52cf06c6f3c02548f549ebc68e4281380,893289b,"[""applescript"", ""save"", ""settings"", ""swifttag-document"", ""tags"", ""user-docs""]",6,assigned
604d139ad72b08a404092b8812a0130678f53984,604d139,"[""applescript"", ""picture"", ""swifttag-document"", ""user-docs""]",4,assigned
7602f5d2dbef63b01a09845e5f322ad810ce7431,7602f5d,"[""applescript"", ""picture"", ""tags""]",3,assigned
8053109fcb999ee4c2f8a060048b83dbfe4eed81,8053109,"[""applescript"", ""picture"", ""save"", ""swifttag-document"", ""tags"", ""user-docs""]",6,assigned
e096ded126a62938d4627bd1205b32a0e30c77b0,e096ded,"[""applescript"", ""swifttag-document"", ""user-docs""]",3,assigned
c1df562489d39bf6608f3053706fc038844b482c,c1df562,"[""applescript"", ""swifttag-document"", ""tags"", ""user-docs""]",4,assigned
5c2ab0a3ba722d5fdc139615b6eb55902237162d,5c2ab0a,"[""applescript"", ""picture"", ""swifttag-document"", ""user-docs""]",4,assigned
e534c8366925af29f7c8f9ab67a908c5d6941650,e534c83,"[""applescript"", ""diff"", ""picture"", ""save"", ""settings"", ""swifttag-document"", ""tags"", ""user-docs""]",8,assigned
1df3dd0c798507ee9db2c2005d577ac499b3e933,1df3dd0,"[""applescript"", ""picture"", ""save"", ""settings"", ""swifttag-document"", ""tags"", ""user-docs""]",7,assigned
62b9a68e15a34d8c2919c736be910ce3a9eec8e4,62b9a68,"[""applescript"", ""picture"", ""save"", ""tags""]",4,assigned
21aacef712ef78c44bd11f0a848276d3125a82a4,21aacef,"[""applescript"", ""picture"", ""save"", ""swifttag-document"", ""tags"", ""user-docs""]",6,assigned
a3d4895796afa545efc1d3c39379220da2c616f3,a3d4895,"[""applescript"", ""save"", ""settings"", ""swifttag-document"", ""tags"", ""user-docs""]",6,assigned
8ab71c90c52e8a8740d754719c48c53f0ca66065,8ab71c9,"[""swifttag-document"", ""user-docs""]",2,assigned
7a19911399e2e3a8b7ff2d239319a658e793346c,7a19911,"[""applescript"", ""save"", ""swifttag-document"", ""tags"", ""user-docs""]",5,assigned
477665910577c41766377204a1abfc8cc7f0dd6d,4776659,"[""applescript"", ""picture"", ""save"", ""swifttag-document"", ""tags"", ""user-docs""]",6,assigned
0015089006f52550ef2f4ed4fdd0057bb9e521b9,0015089,"[""project"", ""swifttag-document"", ""tags"", ""user-docs""]",4,assigned
4eca36ce52399ef139926f5430d3cd08ac3c993a,4eca36c,"[""applescript"", ""diff"", ""picture"", ""settings"", ""tags""]",5,assigned
486b13c723b2fac0220854d9ea7269a09442e7ce,486b13c,"[""project"", ""swifttag-document"", ""tags""]",3,assigned
e8c7dcb8fa1bcfe202e061807bb6873d2e1e0473,e8c7dcb,"[""project"", ""tags""]",2,assigned
65538b7f93d2246cfc37625f018af76640c6aa40,65538b7,"[""project""]",1,assigned
716c54c01f81ac69fb1c6e5252727cbd5dd10310,716c54c,"[""applescript"", ""project"", ""swifttag-document""]",3,assigned
1df3bec4c822e6fcc30d809dab5277868a8e3290,1df3bec,"[""project""]",1,assigned
d07df1fefbd553b00635ee882631ee74d12f0530,d07df1f,"[""applescript"", ""flac-lib"", ""save"", ""settings"", ""swifttag-document"", ""tags""]",6,assigned
149bf183fe3edf4d14481d354a078cb50f628aee,149bf18,"[""diff"", ""picture"", ""project"", ""settings"", ""tags""]",5,assigned
fcee05c29e0d15314bee932ee8b1e48cc7ca7276,fcee05c,"[""diff"", ""picture"", ""save"", ""tags""]",4,assigned
03227c22ec04d4a16f48e8159bca42426af9eac7,03227c2,"[""diff"", ""tags""]",2,assigned
b0eb1bc5f0a1a447bed6c6c903afad44009c9cd6,b0eb1bc,"[""diff"", ""save"", ""settings"", ""tags""]",4,assigned
48fd612594d6a6ae7f88cfe82807c8c31823b63d,48fd612,"[""diff"", ""swifttag-document"", ""tags""]",3,assigned
36789f5d0b7a89231ac47b62ca91d92c8b537df8,36789f5,"[""diff"", ""picture"", ""tags""]",3,assigned
b5795c22e58a84982d07d6846e1929f9eba2166f,b5795c2,"[""diff"", ""project"", ""save"", ""settings""]",4,assigned
5c58b2c352709f9b9c609c1e60a15c4ebf49062c,5c58b2c,"[""diff"", ""picture"", ""project"", ""tags""]",4,assigned
5b2392f98b7d9b0680edf4fdfb6966ed9a44d9bc,5b2392f,"[""applescript"", ""diff"", ""project"", ""settings"", ""tags""]",5,assigned
05c75465e894b197009e4fa12fcee8a2f232be65,05c7546,"[""project""]",1,assigned
5f406d41dab292e9d24be77a40a86053fba4e075,5f406d4,"[""diff"", ""picture"", ""save"", ""settings"", ""swifttag-document"", ""tags""]",6,assigned
58c447d0c8f8d603db83117199143fea38de98fb,58c447d,"[""picture"", ""save"", ""swifttag-document"", ""tags"", ""user-docs""]",5,assigned
a19bccf7a97c76901ba27f942e9cae26a5642edc,a19bccf,"[""diff"", ""picture"", ""settings"", ""tags""]",4,assigned
d4616ef79d1f5f6f9afe47e139aa7a092e4b3085,d4616ef,"[""applescript"", ""picture"", ""settings"", ""swifttag-document"", ""tags"", ""user-docs""]",6,assigned
798de55dcbb0a4e26d499cec324224070b108b19,798de55,"[""applescript"", ""diff"", ""picture"", ""settings"", ""tags""]",5,assigned
a0be45da0d49c7dfb87bef36da1afed83c46ba4d,a0be45d,"[""tags""]",1,assigned
31627a922620a24d64ae4f88232256f56993e172,31627a9,"[""swifttag-document"", ""tags""]",2,assigned
abe9194d5f3d791d34010e12ea51acb0054ae4ce,abe9194,"[""applescript"", ""picture"", ""project"", ""swifttag-document"", ""tags""]",5,assigned
9654a156c85a094a0fe4d86cb59ab87de34bf6f3,9654a15,"[""flac-lib"", ""save"", ""swifttag-document"", ""tags""]",4,assigned
fdd51810b0f51c7b8ee798ecfa0eb42453627946,fdd5181,"[""applescript"", ""diff"", ""picture"", ""project"", ""tags""]",5,assigned
d2843d58d7c77e0470d1b467eacf8a956665e2c9,d2843d5,"[""applescript"", ""diff"", ""save"", ""settings"", ""swifttag-document"", ""tags"", ""user-docs""]",7,assigned
7228297fdfbf05a87af30e5330fdcdd1e908dd84,7228297,"[""applescript"", ""diff"", ""swifttag-document"", ""tags"", ""user-docs""]",5,assigned
88d09498e62eed6f088450eb0cf1ec3129a7ad34,88d0949,"[""applescript"", ""diff"", ""picture"", ""save"", ""settings"", ""swifttag-document"", ""tags"", ""user-docs""]",8,assigned
29444d740b06ee147a5690f1070d56abfa8be162,29444d7,"[""applescript"", ""diff"", ""picture"", ""save"", ""settings"", ""swifttag-document"", ""tags"", ""user-docs""]",8,assigned
d6d76b5913d9f81cd56e52292e703ab25e1d9e9d,d6d76b5,"[""swifttag-document"", ""tags"", ""user-docs""]",3,assigned
9ff3081da95b34bbdf6d8d736fbee5eaf6301b84,9ff3081,"[""diff"", ""picture"", ""save"", ""tags""]",4,assigned
be8b3e170bc3c338a1fbbb22d814e73b77d7c994,be8b3e1,"[""diff"", ""picture"", ""tags""]",3,assigned
53c04fbdd27f87fda0f693f5de6166e607975ee0,53c04fb,"[""diff"", ""picture"", ""tags""]",3,assigned
e38ebba60c6454fd14c208d37ffb036038f231da,e38ebba,"[""applescript"", ""save"", ""swifttag-document"", ""tags""]",4,assigned
1071c2e0ffd3bbc279f2cca6e15509e725518e25,1071c2e,"[""flac-lib"", ""picture"", ""tags""]",3,assigned
